no sampling
Loading and remapping checkpoint from: ./checkpoints/AutoVLA_PDMS_89.ckpt
Checkpoint load report: missing_keys=0, unexpected_keys=0
Using LoRA mode for A3 SFT fine-tuning.
LoRA-enabled model trainable parameters: 3686400 / 3761948672 (0.0980%)

Sanity Checking: |          | 0/? [00:00<?, ?it/s]
Sanity Checking:   0%|          | 0/2 [00:00<?, ?it/s]
Sanity Checking DataLoader 0:   0%|          | 0/2 [00:00<?, ?it/s]
Sanity Checking DataLoader 0:  50%|█████     | 1/2 [00:01<00:01,  0.73it/s]
Sanity Checking DataLoader 0: 100%|██████████| 2/2 [00:02<00:00,  0.80it/s]
                                                                           

Training: |          | 0/? [00:00<?, ?it/s]
Training:   0%|          | 0/164 [00:00<?, ?it/s]
Epoch 0:   0%|          | 0/164 [00:00<?, ?it/s] 
Epoch 0:   1%|          | 1/164 [00:01<05:22,  0.50it/s]
Epoch 0:   1%|          | 1/164 [00:02<05:35,  0.49it/s, v_num=0, train_loss=6.010]
Epoch 0:   1%|          | 2/164 [00:03<05:08,  0.53it/s, v_num=0, train_loss=6.010]
Epoch 0:   1%|          | 2/164 [00:03<05:15,  0.51it/s, v_num=0, train_loss=3.930]
Epoch 0:   2%|▏         | 3/164 [00:05<05:03,  0.53it/s, v_num=0, train_loss=3.930]
Epoch 0:   2%|▏         | 3/164 [00:05<05:07,  0.52it/s, v_num=0, train_loss=3.300]
Epoch 0:   2%|▏         | 4/164 [00:07<05:04,  0.53it/s, v_num=0, train_loss=3.300]
Epoch 0:   2%|▏         | 4/164 [00:07<05:04,  0.53it/s, v_num=0, train_loss=4.490]
Epoch 0:   3%|▎         | 5/164 [00:09<04:57,  0.53it/s, v_num=0, train_loss=4.490]
Epoch 0:   3%|▎         | 5/164 [00:09<05:00,  0.53it/s, v_num=0, train_loss=5.020]
Epoch 0:   4%|▎         | 6/164 [00:11<04:54,  0.54it/s, v_num=0, train_loss=5.020]
Epoch 0:   4%|▎         | 6/164 [00:11<04:57,  0.53it/s, v_num=0, train_loss=6.830]
Epoch 0:   4%|▍         | 7/164 [00:13<04:52,  0.54it/s, v_num=0, train_loss=6.830]
Epoch 0:   4%|▍         | 7/164 [00:13<04:54,  0.53it/s, v_num=0, train_loss=6.250]
Epoch 0:   5%|▍         | 8/164 [00:14<04:50,  0.54it/s, v_num=0, train_loss=6.250]
Epoch 0:   5%|▍         | 8/164 [00:14<04:52,  0.53it/s, v_num=0, train_loss=4.330]
Epoch 0:   5%|▌         | 9/164 [00:16<04:48,  0.54it/s, v_num=0, train_loss=4.330]
Epoch 0:   5%|▌         | 9/164 [00:16<04:50,  0.53it/s, v_num=0, train_loss=6.650]
Epoch 0:   6%|▌         | 10/164 [00:18<04:46,  0.54it/s, v_num=0, train_loss=6.650]
Epoch 0:   6%|▌         | 10/164 [00:18<04:48,  0.53it/s, v_num=0, train_loss=3.130]
Epoch 0:   7%|▋         | 11/164 [00:20<04:44,  0.54it/s, v_num=0, train_loss=3.130]
Epoch 0:   7%|▋         | 11/164 [00:20<04:45,  0.54it/s, v_num=0, train_loss=3.220]
Epoch 0:   7%|▋         | 12/164 [00:22<04:42,  0.54it/s, v_num=0, train_loss=3.220]
Epoch 0:   7%|▋         | 12/164 [00:22<04:43,  0.54it/s, v_num=0, train_loss=3.930]
Epoch 0:   8%|▊         | 13/164 [00:24<04:40,  0.54it/s, v_num=0, train_loss=3.930]
Epoch 0:   8%|▊         | 13/164 [00:24<04:41,  0.54it/s, v_num=0, train_loss=4.480]
Epoch 0:   9%|▊         | 14/164 [00:26<04:38,  0.54it/s, v_num=0, train_loss=4.480]
Epoch 0:   9%|▊         | 14/164 [00:26<04:39,  0.54it/s, v_num=0, train_loss=3.750]
Epoch 0:   9%|▉         | 15/164 [00:27<04:37,  0.54it/s, v_num=0, train_loss=3.750]
Epoch 0:   9%|▉         | 15/164 [00:27<04:37,  0.54it/s, v_num=0, train_loss=5.990]
Epoch 0:  10%|▉         | 16/164 [00:29<04:35,  0.54it/s, v_num=0, train_loss=5.990]
Epoch 0:  10%|▉         | 16/164 [00:29<04:36,  0.54it/s, v_num=0, train_loss=3.360]
Epoch 0:  10%|█         | 17/164 [00:31<04:33,  0.54it/s, v_num=0, train_loss=3.360]
Epoch 0:  10%|█         | 17/164 [00:31<04:34,  0.54it/s, v_num=0, train_loss=4.660]
Epoch 0:  11%|█         | 18/164 [00:33<04:31,  0.54it/s, v_num=0, train_loss=4.660]
Epoch 0:  11%|█         | 18/164 [00:33<04:32,  0.54it/s, v_num=0, train_loss=5.570]
Epoch 0:  12%|█▏        | 19/164 [00:35<04:29,  0.54it/s, v_num=0, train_loss=5.570]
Epoch 0:  12%|█▏        | 19/164 [00:35<04:30,  0.54it/s, v_num=0, train_loss=3.590]
Epoch 0:  12%|█▏        | 20/164 [00:37<04:27,  0.54it/s, v_num=0, train_loss=3.590]
Epoch 0:  12%|█▏        | 20/164 [00:37<04:28,  0.54it/s, v_num=0, train_loss=4.270]
Epoch 0:  13%|█▎        | 21/164 [00:39<04:26,  0.54it/s, v_num=0, train_loss=4.270]
Epoch 0:  13%|█▎        | 21/164 [00:39<04:26,  0.54it/s, v_num=0, train_loss=4.000]
Epoch 0:  13%|█▎        | 22/164 [00:40<04:24,  0.54it/s, v_num=0, train_loss=4.000]
Epoch 0:  13%|█▎        | 22/164 [00:41<04:24,  0.54it/s, v_num=0, train_loss=3.860]
Epoch 0:  14%|█▍        | 23/164 [00:42<04:22,  0.54it/s, v_num=0, train_loss=3.860]
Epoch 0:  14%|█▍        | 23/164 [00:42<04:23,  0.54it/s, v_num=0, train_loss=6.270]
Epoch 0:  15%|█▍        | 24/164 [00:44<04:20,  0.54it/s, v_num=0, train_loss=6.270]
Epoch 0:  15%|█▍        | 24/164 [00:44<04:21,  0.54it/s, v_num=0, train_loss=3.810]
Epoch 0:  15%|█▌        | 25/164 [00:46<04:19,  0.54it/s, v_num=0, train_loss=3.810]
Epoch 0:  15%|█▌        | 25/164 [00:46<04:19,  0.54it/s, v_num=0, train_loss=3.570]
Epoch 0:  16%|█▌        | 26/164 [00:48<04:17,  0.54it/s, v_num=0, train_loss=3.570]
Epoch 0:  16%|█▌        | 26/164 [00:48<04:17,  0.54it/s, v_num=0, train_loss=3.550]
Epoch 0:  16%|█▋        | 27/164 [00:50<04:15,  0.54it/s, v_num=0, train_loss=3.550]
Epoch 0:  16%|█▋        | 27/164 [00:50<04:16,  0.54it/s, v_num=0, train_loss=3.670]
Epoch 0:  17%|█▋        | 28/164 [00:52<04:13,  0.54it/s, v_num=0, train_loss=3.670]
Epoch 0:  17%|█▋        | 28/164 [00:52<04:14,  0.53it/s, v_num=0, train_loss=4.980]
Epoch 0:  18%|█▊        | 29/164 [00:54<04:12,  0.54it/s, v_num=0, train_loss=4.980]
Epoch 0:  18%|█▊        | 29/164 [00:54<04:12,  0.53it/s, v_num=0, train_loss=4.740]
Epoch 0:  18%|█▊        | 30/164 [00:56<04:10,  0.54it/s, v_num=0, train_loss=4.740]
Epoch 0:  18%|█▊        | 30/164 [00:56<04:10,  0.53it/s, v_num=0, train_loss=3.020]
Epoch 0:  19%|█▉        | 31/164 [00:57<04:08,  0.54it/s, v_num=0, train_loss=3.020]
Epoch 0:  19%|█▉        | 31/164 [00:58<04:08,  0.53it/s, v_num=0, train_loss=6.310]
Epoch 0:  20%|█▉        | 32/164 [00:59<04:06,  0.53it/s, v_num=0, train_loss=6.310]
Epoch 0:  20%|█▉        | 32/164 [00:59<04:07,  0.53it/s, v_num=0, train_loss=4.050]
Epoch 0:  20%|██        | 33/164 [01:01<04:05,  0.53it/s, v_num=0, train_loss=4.050]
Epoch 0:  20%|██        | 33/164 [01:01<04:05,  0.53it/s, v_num=0, train_loss=4.500]
Epoch 0:  21%|██        | 34/164 [01:03<04:03,  0.53it/s, v_num=0, train_loss=4.500]
Epoch 0:  21%|██        | 34/164 [01:03<04:03,  0.53it/s, v_num=0, train_loss=6.740]
Epoch 0:  21%|██▏       | 35/164 [01:05<04:01,  0.53it/s, v_num=0, train_loss=6.740]
Epoch 0:  21%|██▏       | 35/164 [01:05<04:01,  0.53it/s, v_num=0, train_loss=3.510]
Epoch 0:  22%|██▏       | 36/164 [01:07<03:59,  0.53it/s, v_num=0, train_loss=3.510]
Epoch 0:  22%|██▏       | 36/164 [01:07<04:00,  0.53it/s, v_num=0, train_loss=4.230]
Epoch 0:  23%|██▎       | 37/164 [01:09<03:57,  0.53it/s, v_num=0, train_loss=4.230]
Epoch 0:  23%|██▎       | 37/164 [01:09<03:58,  0.53it/s, v_num=0, train_loss=4.030]
Epoch 0:  23%|██▎       | 38/164 [01:11<03:56,  0.53it/s, v_num=0, train_loss=4.030]
Epoch 0:  23%|██▎       | 38/164 [01:11<03:56,  0.53it/s, v_num=0, train_loss=3.800]
Epoch 0:  24%|██▍       | 39/164 [01:13<03:54,  0.53it/s, v_num=0, train_loss=3.800]
Epoch 0:  24%|██▍       | 39/164 [01:13<03:54,  0.53it/s, v_num=0, train_loss=4.840]
Epoch 0:  24%|██▍       | 40/164 [01:15<03:52,  0.53it/s, v_num=0, train_loss=4.840]
Epoch 0:  24%|██▍       | 40/164 [01:15<03:52,  0.53it/s, v_num=0, train_loss=6.440]
Epoch 0:  25%|██▌       | 41/164 [01:16<03:50,  0.53it/s, v_num=0, train_loss=6.440]
Epoch 0:  25%|██▌       | 41/164 [01:17<03:51,  0.53it/s, v_num=0, train_loss=4.740]
Epoch 0:  26%|██▌       | 42/164 [01:18<03:49,  0.53it/s, v_num=0, train_loss=4.740]
Epoch 0:  26%|██▌       | 42/164 [01:18<03:49,  0.53it/s, v_num=0, train_loss=3.930]
Epoch 0:  26%|██▌       | 43/164 [01:20<03:47,  0.53it/s, v_num=0, train_loss=3.930]
Epoch 0:  26%|██▌       | 43/164 [01:20<03:47,  0.53it/s, v_num=0, train_loss=6.160]
Epoch 0:  27%|██▋       | 44/164 [01:22<03:45,  0.53it/s, v_num=0, train_loss=6.160]
Epoch 0:  27%|██▋       | 44/164 [01:22<03:45,  0.53it/s, v_num=0, train_loss=4.680]
Epoch 0:  27%|██▋       | 45/164 [01:24<03:43,  0.53it/s, v_num=0, train_loss=4.680]
Epoch 0:  27%|██▋       | 45/164 [01:24<03:44,  0.53it/s, v_num=0, train_loss=4.700]
Epoch 0:  28%|██▊       | 46/164 [01:26<03:42,  0.53it/s, v_num=0, train_loss=4.700]
Epoch 0:  28%|██▊       | 46/164 [01:26<03:42,  0.53it/s, v_num=0, train_loss=6.180]
Epoch 0:  29%|██▊       | 47/164 [01:28<03:40,  0.53it/s, v_num=0, train_loss=6.180]
Epoch 0:  29%|██▊       | 47/164 [01:28<03:40,  0.53it/s, v_num=0, train_loss=3.860]
Epoch 0:  29%|██▉       | 48/164 [01:30<03:38,  0.53it/s, v_num=0, train_loss=3.860]
Epoch 0:  29%|██▉       | 48/164 [01:30<03:38,  0.53it/s, v_num=0, train_loss=3.900]
Epoch 0:  30%|██▉       | 49/164 [01:32<03:36,  0.53it/s, v_num=0, train_loss=3.900]
Epoch 0:  30%|██▉       | 49/164 [01:32<03:36,  0.53it/s, v_num=0, train_loss=3.960]
Epoch 0:  30%|███       | 50/164 [01:34<03:34,  0.53it/s, v_num=0, train_loss=3.960]
Epoch 0:  30%|███       | 50/164 [01:34<03:35,  0.53it/s, v_num=0, train_loss=4.020]
Epoch 0:  31%|███       | 51/164 [01:36<03:33,  0.53it/s, v_num=0, train_loss=4.020]
Epoch 0:  31%|███       | 51/164 [01:36<03:33,  0.53it/s, v_num=0, train_loss=3.860]
Epoch 0:  32%|███▏      | 52/164 [01:38<03:31,  0.53it/s, v_num=0, train_loss=3.860]
Epoch 0:  32%|███▏      | 52/164 [01:38<03:31,  0.53it/s, v_num=0, train_loss=3.420]
Epoch 0:  32%|███▏      | 53/164 [01:40<03:29,  0.53it/s, v_num=0, train_loss=3.420]
Epoch 0:  32%|███▏      | 53/164 [01:40<03:29,  0.53it/s, v_num=0, train_loss=4.310]
Epoch 0:  33%|███▎      | 54/164 [01:41<03:27,  0.53it/s, v_num=0, train_loss=4.310]
Epoch 0:  33%|███▎      | 54/164 [01:42<03:27,  0.53it/s, v_num=0, train_loss=3.570]
Epoch 0:  34%|███▎      | 55/164 [01:43<03:25,  0.53it/s, v_num=0, train_loss=3.570]
Epoch 0:  34%|███▎      | 55/164 [01:44<03:26,  0.53it/s, v_num=0, train_loss=4.340]
Epoch 0:  34%|███▍      | 56/164 [01:45<03:24,  0.53it/s, v_num=0, train_loss=4.340]
Epoch 0:  34%|███▍      | 56/164 [01:45<03:24,  0.53it/s, v_num=0, train_loss=6.570]
Epoch 0:  35%|███▍      | 57/164 [01:47<03:22,  0.53it/s, v_num=0, train_loss=6.570]
Epoch 0:  35%|███▍      | 57/164 [01:47<03:22,  0.53it/s, v_num=0, train_loss=3.840]
Epoch 0:  35%|███▌      | 58/164 [01:49<03:20,  0.53it/s, v_num=0, train_loss=3.840]
Epoch 0:  35%|███▌      | 58/164 [01:49<03:20,  0.53it/s, v_num=0, train_loss=5.990]
Epoch 0:  36%|███▌      | 59/164 [01:51<03:18,  0.53it/s, v_num=0, train_loss=5.990]
Epoch 0:  36%|███▌      | 59/164 [01:51<03:18,  0.53it/s, v_num=0, train_loss=2.810]
Epoch 0:  37%|███▋      | 60/164 [01:53<03:16,  0.53it/s, v_num=0, train_loss=2.810]
Epoch 0:  37%|███▋      | 60/164 [01:53<03:17,  0.53it/s, v_num=0, train_loss=6.050]
Epoch 0:  37%|███▋      | 61/164 [01:55<03:15,  0.53it/s, v_num=0, train_loss=6.050]
Epoch 0:  37%|███▋      | 61/164 [01:55<03:15,  0.53it/s, v_num=0, train_loss=3.240]
Epoch 0:  38%|███▊      | 62/164 [01:57<03:13,  0.53it/s, v_num=0, train_loss=3.240]
Epoch 0:  38%|███▊      | 62/164 [01:57<03:13,  0.53it/s, v_num=0, train_loss=3.780]
Epoch 0:  38%|███▊      | 63/164 [01:59<03:11,  0.53it/s, v_num=0, train_loss=3.780]
Epoch 0:  38%|███▊      | 63/164 [01:59<03:11,  0.53it/s, v_num=0, train_loss=5.670]
Epoch 0:  39%|███▉      | 64/164 [02:01<03:09,  0.53it/s, v_num=0, train_loss=5.670]
Epoch 0:  39%|███▉      | 64/164 [02:01<03:09,  0.53it/s, v_num=0, train_loss=4.310]
Epoch 0:  40%|███▉      | 65/164 [02:03<03:07,  0.53it/s, v_num=0, train_loss=4.310]
Epoch 0:  40%|███▉      | 65/164 [02:03<03:08,  0.53it/s, v_num=0, train_loss=4.040]
Epoch 0:  40%|████      | 66/164 [02:05<03:06,  0.53it/s, v_num=0, train_loss=4.040]
Epoch 0:  40%|████      | 66/164 [02:05<03:06,  0.53it/s, v_num=0, train_loss=4.430]
Epoch 0:  41%|████      | 67/164 [02:07<03:04,  0.53it/s, v_num=0, train_loss=4.430]
Epoch 0:  41%|████      | 67/164 [02:07<03:04,  0.53it/s, v_num=0, train_loss=6.540]
Epoch 0:  41%|████▏     | 68/164 [02:09<03:02,  0.53it/s, v_num=0, train_loss=6.540]
Epoch 0:  41%|████▏     | 68/164 [02:09<03:02,  0.53it/s, v_num=0, train_loss=5.950]
Epoch 0:  42%|████▏     | 69/164 [02:11<03:00,  0.53it/s, v_num=0, train_loss=5.950]
Epoch 0:  42%|████▏     | 69/164 [02:11<03:00,  0.53it/s, v_num=0, train_loss=3.720]
Epoch 0:  43%|████▎     | 70/164 [02:13<02:58,  0.53it/s, v_num=0, train_loss=3.720]
Epoch 0:  43%|████▎     | 70/164 [02:13<02:58,  0.53it/s, v_num=0, train_loss=3.940]
Epoch 0:  43%|████▎     | 71/164 [02:15<02:57,  0.53it/s, v_num=0, train_loss=3.940]
Epoch 0:  43%|████▎     | 71/164 [02:15<02:57,  0.53it/s, v_num=0, train_loss=4.150]
Epoch 0:  44%|████▍     | 72/164 [02:17<02:55,  0.53it/s, v_num=0, train_loss=4.150]
Epoch 0:  44%|████▍     | 72/164 [02:17<02:55,  0.52it/s, v_num=0, train_loss=4.600]
Epoch 0:  45%|████▍     | 73/164 [02:19<02:53,  0.52it/s, v_num=0, train_loss=4.600]
Epoch 0:  45%|████▍     | 73/164 [02:19<02:53,  0.52it/s, v_num=0, train_loss=4.160]
Epoch 0:  45%|████▌     | 74/164 [02:21<02:51,  0.52it/s, v_num=0, train_loss=4.160]
Epoch 0:  45%|████▌     | 74/164 [02:21<02:51,  0.52it/s, v_num=0, train_loss=4.180]
Epoch 0:  46%|████▌     | 75/164 [02:22<02:49,  0.52it/s, v_num=0, train_loss=4.180]
Epoch 0:  46%|████▌     | 75/164 [02:23<02:49,  0.52it/s, v_num=0, train_loss=4.290]
Epoch 0:  46%|████▋     | 76/164 [02:24<02:47,  0.52it/s, v_num=0, train_loss=4.290]
Epoch 0:  46%|████▋     | 76/164 [02:25<02:47,  0.52it/s, v_num=0, train_loss=6.260]
Epoch 0:  47%|████▋     | 77/164 [02:26<02:45,  0.52it/s, v_num=0, train_loss=6.260]
Epoch 0:  47%|████▋     | 77/164 [02:27<02:46,  0.52it/s, v_num=0, train_loss=6.580]
Epoch 0:  48%|████▊     | 78/164 [02:28<02:44,  0.52it/s, v_num=0, train_loss=6.580]
Epoch 0:  48%|████▊     | 78/164 [02:28<02:44,  0.52it/s, v_num=0, train_loss=3.290]
Epoch 0:  48%|████▊     | 79/164 [02:30<02:42,  0.52it/s, v_num=0, train_loss=3.290]
Epoch 0:  48%|████▊     | 79/164 [02:30<02:42,  0.52it/s, v_num=0, train_loss=4.570]
Epoch 0:  49%|████▉     | 80/164 [02:32<02:40,  0.52it/s, v_num=0, train_loss=4.570]
Epoch 0:  49%|████▉     | 80/164 [02:32<02:40,  0.52it/s, v_num=0, train_loss=3.100]
Epoch 0:  49%|████▉     | 81/164 [02:34<02:38,  0.52it/s, v_num=0, train_loss=3.100]
Epoch 0:  49%|████▉     | 81/164 [02:34<02:38,  0.52it/s, v_num=0, train_loss=5.510]
Epoch 0:  50%|█████     | 82/164 [02:36<02:36,  0.52it/s, v_num=0, train_loss=5.510]
Epoch 0:  50%|█████     | 82/164 [02:36<02:36,  0.52it/s, v_num=0, train_loss=3.560]
Epoch 0:  51%|█████     | 83/164 [02:38<02:34,  0.52it/s, v_num=0, train_loss=3.560]
Epoch 0:  51%|█████     | 83/164 [02:38<02:35,  0.52it/s, v_num=0, train_loss=4.000]
Epoch 0:  51%|█████     | 84/164 [02:40<02:33,  0.52it/s, v_num=0, train_loss=4.000]
Epoch 0:  51%|█████     | 84/164 [02:40<02:33,  0.52it/s, v_num=0, train_loss=6.650]
Epoch 0:  52%|█████▏    | 85/164 [02:42<02:31,  0.52it/s, v_num=0, train_loss=6.650]
Epoch 0:  52%|█████▏    | 85/164 [02:42<02:31,  0.52it/s, v_num=0, train_loss=4.510]
Epoch 0:  52%|█████▏    | 86/164 [02:44<02:29,  0.52it/s, v_num=0, train_loss=4.510]
Epoch 0:  52%|█████▏    | 86/164 [02:44<02:29,  0.52it/s, v_num=0, train_loss=3.780]
Epoch 0:  53%|█████▎    | 87/164 [02:46<02:27,  0.52it/s, v_num=0, train_loss=3.780]
Epoch 0:  53%|█████▎    | 87/164 [02:46<02:27,  0.52it/s, v_num=0, train_loss=6.510]
Epoch 0:  54%|█████▎    | 88/164 [02:48<02:25,  0.52it/s, v_num=0, train_loss=6.510]
Epoch 0:  54%|█████▎    | 88/164 [02:48<02:25,  0.52it/s, v_num=0, train_loss=6.180]
Epoch 0:  54%|█████▍    | 89/164 [02:50<02:23,  0.52it/s, v_num=0, train_loss=6.180]
Epoch 0:  54%|█████▍    | 89/164 [02:50<02:23,  0.52it/s, v_num=0, train_loss=4.100]
Epoch 0:  55%|█████▍    | 90/164 [02:52<02:21,  0.52it/s, v_num=0, train_loss=4.100]
Epoch 0:  55%|█████▍    | 90/164 [02:52<02:22,  0.52it/s, v_num=0, train_loss=3.810]
Epoch 0:  55%|█████▌    | 91/164 [02:54<02:20,  0.52it/s, v_num=0, train_loss=3.810]
Epoch 0:  55%|█████▌    | 91/164 [02:54<02:20,  0.52it/s, v_num=0, train_loss=3.290]
Epoch 0:  56%|█████▌    | 92/164 [02:56<02:18,  0.52it/s, v_num=0, train_loss=3.290]
Epoch 0:  56%|█████▌    | 92/164 [02:56<02:18,  0.52it/s, v_num=0, train_loss=4.060]
Epoch 0:  57%|█████▋    | 93/164 [02:58<02:16,  0.52it/s, v_num=0, train_loss=4.060]
Epoch 0:  57%|█████▋    | 93/164 [02:58<02:16,  0.52it/s, v_num=0, train_loss=6.890]
Epoch 0:  57%|█████▋    | 94/164 [03:00<02:14,  0.52it/s, v_num=0, train_loss=6.890]
Epoch 0:  57%|█████▋    | 94/164 [03:00<02:14,  0.52it/s, v_num=0, train_loss=3.590]
Epoch 0:  58%|█████▊    | 95/164 [03:02<02:12,  0.52it/s, v_num=0, train_loss=3.590]
Epoch 0:  58%|█████▊    | 95/164 [03:02<02:12,  0.52it/s, v_num=0, train_loss=4.560]
Epoch 0:  59%|█████▊    | 96/164 [03:04<02:10,  0.52it/s, v_num=0, train_loss=4.560]
Epoch 0:  59%|█████▊    | 96/164 [03:04<02:10,  0.52it/s, v_num=0, train_loss=4.320]
Epoch 0:  59%|█████▉    | 97/164 [03:06<02:08,  0.52it/s, v_num=0, train_loss=4.320]
Epoch 0:  59%|█████▉    | 97/164 [03:06<02:08,  0.52it/s, v_num=0, train_loss=4.420]
Epoch 0:  60%|█████▉    | 98/164 [03:08<02:06,  0.52it/s, v_num=0, train_loss=4.420]
Epoch 0:  60%|█████▉    | 98/164 [03:08<02:07,  0.52it/s, v_num=0, train_loss=4.260]
Epoch 0:  60%|██████    | 99/164 [03:10<02:05,  0.52it/s, v_num=0, train_loss=4.260]
Epoch 0:  60%|██████    | 99/164 [03:10<02:05,  0.52it/s, v_num=0, train_loss=6.830]
Epoch 0:  61%|██████    | 100/164 [03:12<02:03,  0.52it/s, v_num=0, train_loss=6.830]
Epoch 0:  61%|██████    | 100/164 [03:12<02:03,  0.52it/s, v_num=0, train_loss=4.210]
Epoch 0:  62%|██████▏   | 101/164 [03:14<02:01,  0.52it/s, v_num=0, train_loss=4.210]
Epoch 0:  62%|██████▏   | 101/164 [03:14<02:01,  0.52it/s, v_num=0, train_loss=4.010]
Epoch 0:  62%|██████▏   | 102/164 [03:16<01:59,  0.52it/s, v_num=0, train_loss=4.010]
Epoch 0:  62%|██████▏   | 102/164 [03:16<01:59,  0.52it/s, v_num=0, train_loss=6.370]
Epoch 0:  63%|██████▎   | 103/164 [03:18<01:57,  0.52it/s, v_num=0, train_loss=6.370]
Epoch 0:  63%|██████▎   | 103/164 [03:18<01:57,  0.52it/s, v_num=0, train_loss=3.510]
Epoch 0:  63%|██████▎   | 104/164 [03:20<01:55,  0.52it/s, v_num=0, train_loss=3.510]
Epoch 0:  63%|██████▎   | 104/164 [03:20<01:55,  0.52it/s, v_num=0, train_loss=4.280]
Epoch 0:  64%|██████▍   | 105/164 [03:22<01:53,  0.52it/s, v_num=0, train_loss=4.280]
Epoch 0:  64%|██████▍   | 105/164 [03:22<01:53,  0.52it/s, v_num=0, train_loss=4.660]
Epoch 0:  65%|██████▍   | 106/164 [03:24<01:52,  0.52it/s, v_num=0, train_loss=4.660]
Epoch 0:  65%|██████▍   | 106/164 [03:24<01:52,  0.52it/s, v_num=0, train_loss=3.670]
Epoch 0:  65%|██████▌   | 107/164 [03:26<01:50,  0.52it/s, v_num=0, train_loss=3.670]
Epoch 0:  65%|██████▌   | 107/164 [03:26<01:50,  0.52it/s, v_num=0, train_loss=3.510]
Epoch 0:  66%|██████▌   | 108/164 [03:28<01:48,  0.52it/s, v_num=0, train_loss=3.510]
Epoch 0:  66%|██████▌   | 108/164 [03:28<01:48,  0.52it/s, v_num=0, train_loss=6.190]
Epoch 0:  66%|██████▋   | 109/164 [03:30<01:46,  0.52it/s, v_num=0, train_loss=6.190]
Epoch 0:  66%|██████▋   | 109/164 [03:30<01:46,  0.52it/s, v_num=0, train_loss=6.550]
Epoch 0:  67%|██████▋   | 110/164 [03:32<01:44,  0.52it/s, v_num=0, train_loss=6.550]
Epoch 0:  67%|██████▋   | 110/164 [03:32<01:44,  0.52it/s, v_num=0, train_loss=6.320]
Epoch 0:  68%|██████▊   | 111/164 [03:34<01:42,  0.52it/s, v_num=0, train_loss=6.320]
Epoch 0:  68%|██████▊   | 111/164 [03:35<01:42,  0.52it/s, v_num=0, train_loss=4.450]
Epoch 0:  68%|██████▊   | 112/164 [03:36<01:40,  0.52it/s, v_num=0, train_loss=4.450]
Epoch 0:  68%|██████▊   | 112/164 [03:37<01:40,  0.52it/s, v_num=0, train_loss=3.850]
Epoch 0:  69%|██████▉   | 113/164 [03:39<01:38,  0.52it/s, v_num=0, train_loss=3.850]
Epoch 0:  69%|██████▉   | 113/164 [03:39<01:38,  0.52it/s, v_num=0, train_loss=6.560]
Epoch 0:  70%|██████▉   | 114/164 [03:41<01:36,  0.52it/s, v_num=0, train_loss=6.560]
Epoch 0:  70%|██████▉   | 114/164 [03:41<01:36,  0.52it/s, v_num=0, train_loss=5.320]
Epoch 0:  70%|███████   | 115/164 [03:43<01:35,  0.52it/s, v_num=0, train_loss=5.320]
Epoch 0:  70%|███████   | 115/164 [03:43<01:35,  0.52it/s, v_num=0, train_loss=4.240]
Epoch 0:  71%|███████   | 116/164 [03:45<01:33,  0.52it/s, v_num=0, train_loss=4.240]
Epoch 0:  71%|███████   | 116/164 [03:45<01:33,  0.52it/s, v_num=0, train_loss=4.660]
Epoch 0:  71%|███████▏  | 117/164 [03:47<01:31,  0.52it/s, v_num=0, train_loss=4.660]
Epoch 0:  71%|███████▏  | 117/164 [03:47<01:31,  0.51it/s, v_num=0, train_loss=4.050]
Epoch 0:  72%|███████▏  | 118/164 [03:49<01:29,  0.51it/s, v_num=0, train_loss=4.050]
Epoch 0:  72%|███████▏  | 118/164 [03:49<01:29,  0.51it/s, v_num=0, train_loss=4.460]
Epoch 0:  73%|███████▎  | 119/164 [03:51<01:27,  0.51it/s, v_num=0, train_loss=4.460]
Epoch 0:  73%|███████▎  | 119/164 [03:51<01:27,  0.51it/s, v_num=0, train_loss=3.780]
Epoch 0:  73%|███████▎  | 120/164 [03:53<01:25,  0.51it/s, v_num=0, train_loss=3.780]
Epoch 0:  73%|███████▎  | 120/164 [03:53<01:25,  0.51it/s, v_num=0, train_loss=4.150]
Epoch 0:  74%|███████▍  | 121/164 [03:55<01:23,  0.51it/s, v_num=0, train_loss=4.150]
Epoch 0:  74%|███████▍  | 121/164 [03:55<01:23,  0.51it/s, v_num=0, train_loss=5.310]
Epoch 0:  74%|███████▍  | 122/164 [03:57<01:21,  0.51it/s, v_num=0, train_loss=5.310]
Epoch 0:  74%|███████▍  | 122/164 [03:57<01:21,  0.51it/s, v_num=0, train_loss=3.930]
Epoch 0:  75%|███████▌  | 123/164 [03:59<01:19,  0.51it/s, v_num=0, train_loss=3.930]
Epoch 0:  75%|███████▌  | 123/164 [03:59<01:19,  0.51it/s, v_num=0, train_loss=4.270]
Epoch 0:  76%|███████▌  | 124/164 [04:01<01:17,  0.51it/s, v_num=0, train_loss=4.270]
Epoch 0:  76%|███████▌  | 124/164 [04:01<01:17,  0.51it/s, v_num=0, train_loss=6.550]
Epoch 0:  76%|███████▌  | 125/164 [04:03<01:15,  0.51it/s, v_num=0, train_loss=6.550]
Epoch 0:  76%|███████▌  | 125/164 [04:03<01:15,  0.51it/s, v_num=0, train_loss=3.780]
Epoch 0:  77%|███████▋  | 126/164 [04:05<01:14,  0.51it/s, v_num=0, train_loss=3.780]
Epoch 0:  77%|███████▋  | 126/164 [04:05<01:14,  0.51it/s, v_num=0, train_loss=4.380]
Epoch 0:  77%|███████▋  | 127/164 [04:07<01:12,  0.51it/s, v_num=0, train_loss=4.380]
Epoch 0:  77%|███████▋  | 127/164 [04:07<01:12,  0.51it/s, v_num=0, train_loss=5.610]
Epoch 0:  78%|███████▊  | 128/164 [04:09<01:10,  0.51it/s, v_num=0, train_loss=5.610]
Epoch 0:  78%|███████▊  | 128/164 [04:09<01:10,  0.51it/s, v_num=0, train_loss=6.040]
Epoch 0:  79%|███████▊  | 129/164 [04:11<01:08,  0.51it/s, v_num=0, train_loss=6.040]
Epoch 0:  79%|███████▊  | 129/164 [04:11<01:08,  0.51it/s, v_num=0, train_loss=4.010]
Epoch 0:  79%|███████▉  | 130/164 [04:13<01:06,  0.51it/s, v_num=0, train_loss=4.010]
Epoch 0:  79%|███████▉  | 130/164 [04:13<01:06,  0.51it/s, v_num=0, train_loss=3.890]
Epoch 0:  80%|███████▉  | 131/164 [04:15<01:04,  0.51it/s, v_num=0, train_loss=3.890]
Epoch 0:  80%|███████▉  | 131/164 [04:15<01:04,  0.51it/s, v_num=0, train_loss=3.710]
Epoch 0:  80%|████████  | 132/164 [04:17<01:02,  0.51it/s, v_num=0, train_loss=3.710]
Epoch 0:  80%|████████  | 132/164 [04:17<01:02,  0.51it/s, v_num=0, train_loss=2.940]
Epoch 0:  81%|████████  | 133/164 [04:19<01:00,  0.51it/s, v_num=0, train_loss=2.940]
Epoch 0:  81%|████████  | 133/164 [04:19<01:00,  0.51it/s, v_num=0, train_loss=3.650]
Epoch 0:  82%|████████▏ | 134/164 [04:21<00:58,  0.51it/s, v_num=0, train_loss=3.650]
Epoch 0:  82%|████████▏ | 134/164 [04:21<00:58,  0.51it/s, v_num=0, train_loss=6.120]
Epoch 0:  82%|████████▏ | 135/164 [04:23<00:56,  0.51it/s, v_num=0, train_loss=6.120]
Epoch 0:  82%|████████▏ | 135/164 [04:23<00:56,  0.51it/s, v_num=0, train_loss=6.240]
Epoch 0:  83%|████████▎ | 136/164 [04:25<00:54,  0.51it/s, v_num=0, train_loss=6.240]
Epoch 0:  83%|████████▎ | 136/164 [04:26<00:54,  0.51it/s, v_num=0, train_loss=6.480]
Epoch 0:  84%|████████▎ | 137/164 [04:27<00:52,  0.51it/s, v_num=0, train_loss=6.480]
Epoch 0:  84%|████████▎ | 137/164 [04:28<00:52,  0.51it/s, v_num=0, train_loss=5.180]
Epoch 0:  84%|████████▍ | 138/164 [04:30<00:50,  0.51it/s, v_num=0, train_loss=5.180]
Epoch 0:  84%|████████▍ | 138/164 [04:30<00:50,  0.51it/s, v_num=0, train_loss=4.200]
Epoch 0:  85%|████████▍ | 139/164 [04:32<00:48,  0.51it/s, v_num=0, train_loss=4.200]
Epoch 0:  85%|████████▍ | 139/164 [04:32<00:48,  0.51it/s, v_num=0, train_loss=4.090]
Epoch 0:  85%|████████▌ | 140/164 [04:34<00:46,  0.51it/s, v_num=0, train_loss=4.090]
Epoch 0:  85%|████████▌ | 140/164 [04:34<00:47,  0.51it/s, v_num=0, train_loss=3.250]
Epoch 0:  86%|████████▌ | 141/164 [04:36<00:45,  0.51it/s, v_num=0, train_loss=3.250]
Epoch 0:  86%|████████▌ | 141/164 [04:36<00:45,  0.51it/s, v_num=0, train_loss=6.640]
Epoch 0:  87%|████████▋ | 142/164 [04:38<00:43,  0.51it/s, v_num=0, train_loss=6.640]
Epoch 0:  87%|████████▋ | 142/164 [04:38<00:43,  0.51it/s, v_num=0, train_loss=3.580]
Epoch 0:  87%|████████▋ | 143/164 [04:40<00:41,  0.51it/s, v_num=0, train_loss=3.580]
Epoch 0:  87%|████████▋ | 143/164 [04:40<00:41,  0.51it/s, v_num=0, train_loss=4.190]
Epoch 0:  88%|████████▊ | 144/164 [04:42<00:39,  0.51it/s, v_num=0, train_loss=4.190]
Epoch 0:  88%|████████▊ | 144/164 [04:42<00:39,  0.51it/s, v_num=0, train_loss=4.780]
Epoch 0:  88%|████████▊ | 145/164 [04:44<00:37,  0.51it/s, v_num=0, train_loss=4.780]
Epoch 0:  88%|████████▊ | 145/164 [04:44<00:37,  0.51it/s, v_num=0, train_loss=3.430]
Epoch 0:  89%|████████▉ | 146/164 [04:46<00:35,  0.51it/s, v_num=0, train_loss=3.430]
Epoch 0:  89%|████████▉ | 146/164 [04:46<00:35,  0.51it/s, v_num=0, train_loss=4.060]
Epoch 0:  90%|████████▉ | 147/164 [04:48<00:33,  0.51it/s, v_num=0, train_loss=4.060]
Epoch 0:  90%|████████▉ | 147/164 [04:48<00:33,  0.51it/s, v_num=0, train_loss=6.060]
Epoch 0:  90%|█████████ | 148/164 [04:50<00:31,  0.51it/s, v_num=0, train_loss=6.060]
Epoch 0:  90%|█████████ | 148/164 [04:50<00:31,  0.51it/s, v_num=0, train_loss=4.790]
Epoch 0:  91%|█████████ | 149/164 [04:52<00:29,  0.51it/s, v_num=0, train_loss=4.790]
Epoch 0:  91%|█████████ | 149/164 [04:52<00:29,  0.51it/s, v_num=0, train_loss=4.180]
Epoch 0:  91%|█████████▏| 150/164 [04:54<00:27,  0.51it/s, v_num=0, train_loss=4.180]
Epoch 0:  91%|█████████▏| 150/164 [04:54<00:27,  0.51it/s, v_num=0, train_loss=4.290]
Epoch 0:  92%|█████████▏| 151/164 [04:56<00:25,  0.51it/s, v_num=0, train_loss=4.290]
Epoch 0:  92%|█████████▏| 151/164 [04:56<00:25,  0.51it/s, v_num=0, train_loss=3.620]
Epoch 0:  93%|█████████▎| 152/164 [04:58<00:23,  0.51it/s, v_num=0, train_loss=3.620]
Epoch 0:  93%|█████████▎| 152/164 [04:58<00:23,  0.51it/s, v_num=0, train_loss=5.180]
Epoch 0:  93%|█████████▎| 153/164 [05:00<00:21,  0.51it/s, v_num=0, train_loss=5.180]
Epoch 0:  93%|█████████▎| 153/164 [05:00<00:21,  0.51it/s, v_num=0, train_loss=5.490]
Epoch 0:  94%|█████████▍| 154/164 [05:02<00:19,  0.51it/s, v_num=0, train_loss=5.490]
Epoch 0:  94%|█████████▍| 154/164 [05:02<00:19,  0.51it/s, v_num=0, train_loss=3.660]
Epoch 0:  95%|█████████▍| 155/164 [05:04<00:17,  0.51it/s, v_num=0, train_loss=3.660]
Epoch 0:  95%|█████████▍| 155/164 [05:04<00:17,  0.51it/s, v_num=0, train_loss=3.750]
Epoch 0:  95%|█████████▌| 156/164 [05:06<00:15,  0.51it/s, v_num=0, train_loss=3.750]
Epoch 0:  95%|█████████▌| 156/164 [05:06<00:15,  0.51it/s, v_num=0, train_loss=6.310]
Epoch 0:  96%|█████████▌| 157/164 [05:08<00:13,  0.51it/s, v_num=0, train_loss=6.310]
Epoch 0:  96%|█████████▌| 157/164 [05:08<00:13,  0.51it/s, v_num=0, train_loss=4.460]
Epoch 0:  96%|█████████▋| 158/164 [05:10<00:11,  0.51it/s, v_num=0, train_loss=4.460]
Epoch 0:  96%|█████████▋| 158/164 [05:11<00:11,  0.51it/s, v_num=0, train_loss=3.630]
Epoch 0:  97%|█████████▋| 159/164 [05:12<00:09,  0.51it/s, v_num=0, train_loss=3.630]
Epoch 0:  97%|█████████▋| 159/164 [05:13<00:09,  0.51it/s, v_num=0, train_loss=3.550]
Epoch 0:  98%|█████████▊| 160/164 [05:15<00:07,  0.51it/s, v_num=0, train_loss=3.550]
Epoch 0:  98%|█████████▊| 160/164 [05:15<00:07,  0.51it/s, v_num=0, train_loss=3.830]
Epoch 0:  98%|█████████▊| 161/164 [05:17<00:05,  0.51it/s, v_num=0, train_loss=3.830]
Epoch 0:  98%|█████████▊| 161/164 [05:17<00:05,  0.51it/s, v_num=0, train_loss=4.050]
Epoch 0:  99%|█████████▉| 162/164 [05:19<00:03,  0.51it/s, v_num=0, train_loss=4.050]
Epoch 0:  99%|█████████▉| 162/164 [05:19<00:03,  0.51it/s, v_num=0, train_loss=3.320]
Epoch 0:  99%|█████████▉| 163/164 [05:21<00:01,  0.51it/s, v_num=0, train_loss=3.320]
Epoch 0:  99%|█████████▉| 163/164 [05:21<00:01,  0.51it/s, v_num=0, train_loss=3.850]
Epoch 0: 100%|██████████| 164/164 [05:23<00:00,  0.51it/s, v_num=0, train_loss=3.850]
Epoch 0: 100%|██████████| 164/164 [05:23<00:00,  0.51it/s, v_num=0, train_loss=4.250]

Validation: |          | 0/? [00:00<?, ?it/s][A

Validation:   0%|          | 0/126 [00:00<?, ?it/s][A

Validation DataLoader 0:   0%|          | 0/126 [00:00<?, ?it/s][A

Validation DataLoader 0:   1%|          | 1/126 [00:01<02:37,  0.79it/s][A

Validation DataLoader 0:   2%|▏         | 2/126 [00:02<02:37,  0.79it/s][A

Validation DataLoader 0:   2%|▏         | 3/126 [00:03<02:35,  0.79it/s][A

Validation DataLoader 0:   3%|▎         | 4/126 [00:05<02:34,  0.79it/s][A

Validation DataLoader 0:   4%|▍         | 5/126 [00:06<02:33,  0.79it/s][A

Validation DataLoader 0:   5%|▍         | 6/126 [00:07<02:32,  0.79it/s][A

Validation DataLoader 0:   6%|▌         | 7/126 [00:08<02:31,  0.79it/s][A

Validation DataLoader 0:   6%|▋         | 8/126 [00:10<02:29,  0.79it/s][A

Validation DataLoader 0:   7%|▋         | 9/126 [00:11<02:28,  0.79it/s][A

Validation DataLoader 0:   8%|▊         | 10/126 [00:12<02:27,  0.79it/s][A

Validation DataLoader 0:   9%|▊         | 11/126 [00:13<02:25,  0.79it/s][A

Validation DataLoader 0:  10%|▉         | 12/126 [00:15<02:24,  0.79it/s][A

Validation DataLoader 0:  10%|█         | 13/126 [00:16<02:23,  0.79it/s][A

Validation DataLoader 0:  11%|█         | 14/126 [00:17<02:22,  0.79it/s][A

Validation DataLoader 0:  12%|█▏        | 15/126 [00:19<02:20,  0.79it/s][A

Validation DataLoader 0:  13%|█▎        | 16/126 [00:20<02:19,  0.79it/s][A

Validation DataLoader 0:  13%|█▎        | 17/126 [00:21<02:18,  0.79it/s][A

Validation DataLoader 0:  14%|█▍        | 18/126 [00:22<02:17,  0.79it/s][A

Validation DataLoader 0:  15%|█▌        | 19/126 [00:24<02:15,  0.79it/s][A

Validation DataLoader 0:  16%|█▌        | 20/126 [00:25<02:14,  0.79it/s][A

Validation DataLoader 0:  17%|█▋        | 21/126 [00:26<02:13,  0.79it/s][A

Validation DataLoader 0:  17%|█▋        | 22/126 [00:27<02:12,  0.79it/s][A

Validation DataLoader 0:  18%|█▊        | 23/126 [00:29<02:10,  0.79it/s][A

Validation DataLoader 0:  19%|█▉        | 24/126 [00:30<02:09,  0.79it/s][A

Validation DataLoader 0:  20%|█▉        | 25/126 [00:31<02:08,  0.79it/s][A

Validation DataLoader 0:  21%|██        | 26/126 [00:33<02:06,  0.79it/s][A

Validation DataLoader 0:  21%|██▏       | 27/126 [00:34<02:05,  0.79it/s][A

Validation DataLoader 0:  22%|██▏       | 28/126 [00:35<02:04,  0.79it/s][A

Validation DataLoader 0:  23%|██▎       | 29/126 [00:36<02:03,  0.79it/s][A

Validation DataLoader 0:  24%|██▍       | 30/126 [00:38<02:01,  0.79it/s][A

Validation DataLoader 0:  25%|██▍       | 31/126 [00:39<02:00,  0.79it/s][A

Validation DataLoader 0:  25%|██▌       | 32/126 [00:40<01:59,  0.79it/s][A

Validation DataLoader 0:  26%|██▌       | 33/126 [00:41<01:58,  0.79it/s][A

Validation DataLoader 0:  27%|██▋       | 34/126 [00:43<01:56,  0.79it/s][A

Validation DataLoader 0:  28%|██▊       | 35/126 [00:44<01:55,  0.79it/s][A

Validation DataLoader 0:  29%|██▊       | 36/126 [00:45<01:54,  0.79it/s][A

Validation DataLoader 0:  29%|██▉       | 37/126 [00:46<01:53,  0.79it/s][A

Validation DataLoader 0:  30%|███       | 38/126 [00:48<01:51,  0.79it/s][A

Validation DataLoader 0:  31%|███       | 39/126 [00:49<01:50,  0.79it/s][A

Validation DataLoader 0:  32%|███▏      | 40/126 [00:50<01:49,  0.79it/s][A

Validation DataLoader 0:  33%|███▎      | 41/126 [00:52<01:47,  0.79it/s][A

Validation DataLoader 0:  33%|███▎      | 42/126 [00:53<01:46,  0.79it/s][A

Validation DataLoader 0:  34%|███▍      | 43/126 [00:54<01:45,  0.79it/s][A

Validation DataLoader 0:  35%|███▍      | 44/126 [00:55<01:44,  0.79it/s][A

Validation DataLoader 0:  36%|███▌      | 45/126 [00:57<01:42,  0.79it/s][A

Validation DataLoader 0:  37%|███▋      | 46/126 [00:58<01:41,  0.79it/s][A

Validation DataLoader 0:  37%|███▋      | 47/126 [00:59<01:40,  0.79it/s][A

Validation DataLoader 0:  38%|███▊      | 48/126 [01:00<01:39,  0.79it/s][A

Validation DataLoader 0:  39%|███▉      | 49/126 [01:02<01:37,  0.79it/s][A

Validation DataLoader 0:  40%|███▉      | 50/126 [01:03<01:36,  0.79it/s][A

Validation DataLoader 0:  40%|████      | 51/126 [01:04<01:35,  0.79it/s][A

Validation DataLoader 0:  41%|████▏     | 52/126 [01:06<01:33,  0.79it/s][A

Validation DataLoader 0:  42%|████▏     | 53/126 [01:07<01:32,  0.79it/s][A

Validation DataLoader 0:  43%|████▎     | 54/126 [01:08<01:31,  0.79it/s][A

Validation DataLoader 0:  44%|████▎     | 55/126 [01:09<01:30,  0.79it/s][A

Validation DataLoader 0:  44%|████▍     | 56/126 [01:11<01:28,  0.79it/s][A

Validation DataLoader 0:  45%|████▌     | 57/126 [01:12<01:27,  0.79it/s][A

Validation DataLoader 0:  46%|████▌     | 58/126 [01:13<01:26,  0.79it/s][A

Validation DataLoader 0:  47%|████▋     | 59/126 [01:14<01:25,  0.79it/s][A

Validation DataLoader 0:  48%|████▊     | 60/126 [01:16<01:23,  0.79it/s][A

Validation DataLoader 0:  48%|████▊     | 61/126 [01:17<01:22,  0.79it/s][A

Validation DataLoader 0:  49%|████▉     | 62/126 [01:18<01:21,  0.79it/s][A

Validation DataLoader 0:  50%|█████     | 63/126 [01:19<01:19,  0.79it/s][A

Validation DataLoader 0:  51%|█████     | 64/126 [01:21<01:18,  0.79it/s][A

Validation DataLoader 0:  52%|█████▏    | 65/126 [01:22<01:17,  0.79it/s][A

Validation DataLoader 0:  52%|█████▏    | 66/126 [01:23<01:16,  0.79it/s][A

Validation DataLoader 0:  53%|█████▎    | 67/126 [01:24<01:14,  0.79it/s][A

Validation DataLoader 0:  54%|█████▍    | 68/126 [01:26<01:13,  0.79it/s][A

Validation DataLoader 0:  55%|█████▍    | 69/126 [01:27<01:12,  0.79it/s][A

Validation DataLoader 0:  56%|█████▌    | 70/126 [01:28<01:11,  0.79it/s][A

Validation DataLoader 0:  56%|█████▋    | 71/126 [01:30<01:09,  0.79it/s][A

Validation DataLoader 0:  57%|█████▋    | 72/126 [01:31<01:08,  0.79it/s][A

Validation DataLoader 0:  58%|█████▊    | 73/126 [01:32<01:07,  0.79it/s][A

Validation DataLoader 0:  59%|█████▊    | 74/126 [01:33<01:05,  0.79it/s][A

Validation DataLoader 0:  60%|█████▉    | 75/126 [01:35<01:04,  0.79it/s][A

Validation DataLoader 0:  60%|██████    | 76/126 [01:36<01:03,  0.79it/s][A

Validation DataLoader 0:  61%|██████    | 77/126 [01:37<01:02,  0.79it/s][A

Validation DataLoader 0:  62%|██████▏   | 78/126 [01:38<01:00,  0.79it/s][A

Validation DataLoader 0:  63%|██████▎   | 79/126 [01:40<00:59,  0.79it/s][A

Validation DataLoader 0:  63%|██████▎   | 80/126 [01:41<00:58,  0.79it/s][A

Validation DataLoader 0:  64%|██████▍   | 81/126 [01:42<00:57,  0.79it/s][A

Validation DataLoader 0:  65%|██████▌   | 82/126 [01:43<00:55,  0.79it/s][A

Validation DataLoader 0:  66%|██████▌   | 83/126 [01:45<00:54,  0.79it/s][A

Validation DataLoader 0:  67%|██████▋   | 84/126 [01:46<00:53,  0.79it/s][A

Validation DataLoader 0:  67%|██████▋   | 85/126 [01:47<00:51,  0.79it/s][A

Validation DataLoader 0:  68%|██████▊   | 86/126 [01:49<00:50,  0.79it/s][A

Validation DataLoader 0:  69%|██████▉   | 87/126 [01:50<00:49,  0.79it/s][A

Validation DataLoader 0:  70%|██████▉   | 88/126 [01:51<00:48,  0.79it/s][A

Validation DataLoader 0:  71%|███████   | 89/126 [01:52<00:46,  0.79it/s][A

Validation DataLoader 0:  71%|███████▏  | 90/126 [01:54<00:45,  0.79it/s][A

Validation DataLoader 0:  72%|███████▏  | 91/126 [01:55<00:44,  0.79it/s][A

Validation DataLoader 0:  73%|███████▎  | 92/126 [01:56<00:43,  0.79it/s][A

Validation DataLoader 0:  74%|███████▍  | 93/126 [01:57<00:41,  0.79it/s][A

Validation DataLoader 0:  75%|███████▍  | 94/126 [01:59<00:40,  0.79it/s][A

Validation DataLoader 0:  75%|███████▌  | 95/126 [02:00<00:39,  0.79it/s][A

Validation DataLoader 0:  76%|███████▌  | 96/126 [02:01<00:38,  0.79it/s][A

Validation DataLoader 0:  77%|███████▋  | 97/126 [02:02<00:36,  0.79it/s][A

Validation DataLoader 0:  78%|███████▊  | 98/126 [02:04<00:35,  0.79it/s][A

Validation DataLoader 0:  79%|███████▊  | 99/126 [02:05<00:34,  0.79it/s][A

Validation DataLoader 0:  79%|███████▉  | 100/126 [02:06<00:32,  0.79it/s][A

Validation DataLoader 0:  80%|████████  | 101/126 [02:08<00:31,  0.79it/s][A

Validation DataLoader 0:  81%|████████  | 102/126 [02:09<00:30,  0.79it/s][A

Validation DataLoader 0:  82%|████████▏ | 103/126 [02:10<00:29,  0.79it/s][A

Validation DataLoader 0:  83%|████████▎ | 104/126 [02:11<00:27,  0.79it/s][A

Validation DataLoader 0:  83%|████████▎ | 105/126 [02:13<00:26,  0.79it/s][A

Validation DataLoader 0:  84%|████████▍ | 106/126 [02:14<00:25,  0.79it/s][A

Validation DataLoader 0:  85%|████████▍ | 107/126 [02:15<00:24,  0.79it/s][A

Validation DataLoader 0:  86%|████████▌ | 108/126 [02:16<00:22,  0.79it/s][A

Validation DataLoader 0:  87%|████████▋ | 109/126 [02:18<00:21,  0.79it/s][A

Validation DataLoader 0:  87%|████████▋ | 110/126 [02:19<00:20,  0.79it/s][A

Validation DataLoader 0:  88%|████████▊ | 111/126 [02:20<00:19,  0.79it/s][A

Validation DataLoader 0:  89%|████████▉ | 112/126 [02:21<00:17,  0.79it/s][A

Validation DataLoader 0:  90%|████████▉ | 113/126 [02:23<00:16,  0.79it/s][A

Validation DataLoader 0:  90%|█████████ | 114/126 [02:24<00:15,  0.79it/s][A

Validation DataLoader 0:  91%|█████████▏| 115/126 [02:25<00:13,  0.79it/s][A

Validation DataLoader 0:  92%|█████████▏| 116/126 [02:26<00:12,  0.79it/s][A

Validation DataLoader 0:  93%|█████████▎| 117/126 [02:28<00:11,  0.79it/s][A

Validation DataLoader 0:  94%|█████████▎| 118/126 [02:29<00:10,  0.79it/s][A

Validation DataLoader 0:  94%|█████████▍| 119/126 [02:30<00:08,  0.79it/s][A

Validation DataLoader 0:  95%|█████████▌| 120/126 [02:32<00:07,  0.79it/s][A

Validation DataLoader 0:  96%|█████████▌| 121/126 [02:33<00:06,  0.79it/s][A

Validation DataLoader 0:  97%|█████████▋| 122/126 [02:34<00:05,  0.79it/s][A

Validation DataLoader 0:  98%|█████████▊| 123/126 [02:35<00:03,  0.79it/s][A

Validation DataLoader 0:  98%|█████████▊| 124/126 [02:37<00:02,  0.79it/s][A

Validation DataLoader 0:  99%|█████████▉| 125/126 [02:38<00:01,  0.79it/s][A

Validation DataLoader 0: 100%|██████████| 126/126 [02:39<00:00,  0.79it/s][A

                                                                          [A
Epoch 0: 100%|██████████| 164/164 [08:03<00:00,  0.34it/s, v_num=0, train_loss=4.250, val_loss=4.290]
Epoch 0: 100%|██████████| 164/164 [08:03<00:00,  0.34it/s, v_num=0, train_loss=4.250, val_loss=4.290]
Epoch 0:   0%|          | 0/164 [00:00<?, ?it/s, v_num=0, train_loss=4.250, val_loss=4.290]          
Epoch 1:   0%|          | 0/164 [00:00<?, ?it/s, v_num=0, train_loss=4.250, val_loss=4.290]
Epoch 1:   1%|          | 1/164 [00:02<06:45,  0.40it/s, v_num=0, train_loss=4.250, val_loss=4.290]
Epoch 1:   1%|          | 1/164 [00:02<07:00,  0.39it/s, v_num=0, train_loss=6.530, val_loss=4.290]
Epoch 1:   1%|          | 2/164 [00:04<06:01,  0.45it/s, v_num=0, train_loss=6.530, val_loss=4.290]
Epoch 1:   1%|          | 2/164 [00:04<06:08,  0.44it/s, v_num=0, train_loss=4.030, val_loss=4.290]
Epoch 1:   2%|▏         | 3/164 [00:06<05:45,  0.47it/s, v_num=0, train_loss=4.030, val_loss=4.290]
Epoch 1:   2%|▏         | 3/164 [00:06<05:50,  0.46it/s, v_num=0, train_loss=4.070, val_loss=4.290]
Epoch 1:   2%|▏         | 4/164 [00:08<05:36,  0.48it/s, v_num=0, train_loss=4.070, val_loss=4.290]
Epoch 1:   2%|▏         | 4/164 [00:08<05:40,  0.47it/s, v_num=0, train_loss=6.040, val_loss=4.290]
Epoch 1:   3%|▎         | 5/164 [00:10<05:30,  0.48it/s, v_num=0, train_loss=6.040, val_loss=4.290]
Epoch 1:   3%|▎         | 5/164 [00:10<05:33,  0.48it/s, v_num=0, train_loss=3.650, val_loss=4.290]
Epoch 1:   4%|▎         | 6/164 [00:12<05:26,  0.48it/s, v_num=0, train_loss=3.650, val_loss=4.290]
Epoch 1:   4%|▎         | 6/164 [00:12<05:28,  0.48it/s, v_num=0, train_loss=3.580, val_loss=4.290]
Epoch 1:   4%|▍         | 7/164 [00:14<05:22,  0.49it/s, v_num=0, train_loss=3.580, val_loss=4.290]
Epoch 1:   4%|▍         | 7/164 [00:14<05:24,  0.48it/s, v_num=0, train_loss=4.710, val_loss=4.290]
Epoch 1:   5%|▍         | 8/164 [00:16<05:19,  0.49it/s, v_num=0, train_loss=4.710, val_loss=4.290]
Epoch 1:   5%|▍         | 8/164 [00:16<05:21,  0.49it/s, v_num=0, train_loss=4.720, val_loss=4.290]
Epoch 1:   5%|▌         | 9/164 [00:18<05:16,  0.49it/s, v_num=0, train_loss=4.720, val_loss=4.290]
Epoch 1:   5%|▌         | 9/164 [00:18<05:17,  0.49it/s, v_num=0, train_loss=3.500, val_loss=4.290]
Epoch 1:   6%|▌         | 10/164 [00:20<05:13,  0.49it/s, v_num=0, train_loss=3.500, val_loss=4.290]
Epoch 1:   6%|▌         | 10/164 [00:20<05:15,  0.49it/s, v_num=0, train_loss=4.650, val_loss=4.290]
Epoch 1:   7%|▋         | 11/164 [00:22<05:11,  0.49it/s, v_num=0, train_loss=4.650, val_loss=4.290]
Epoch 1:   7%|▋         | 11/164 [00:22<05:12,  0.49it/s, v_num=0, train_loss=3.570, val_loss=4.290]
Epoch 1:   7%|▋         | 12/164 [00:24<05:08,  0.49it/s, v_num=0, train_loss=3.570, val_loss=4.290]
Epoch 1:   7%|▋         | 12/164 [00:24<05:10,  0.49it/s, v_num=0, train_loss=3.200, val_loss=4.290]
Epoch 1:   8%|▊         | 13/164 [00:26<05:06,  0.49it/s, v_num=0, train_loss=3.200, val_loss=4.290]
Epoch 1:   8%|▊         | 13/164 [00:26<05:07,  0.49it/s, v_num=0, train_loss=3.800, val_loss=4.290]
Epoch 1:   9%|▊         | 14/164 [00:28<05:04,  0.49it/s, v_num=0, train_loss=3.800, val_loss=4.290]
Epoch 1:   9%|▊         | 14/164 [00:28<05:05,  0.49it/s, v_num=0, train_loss=5.300, val_loss=4.290]
Epoch 1:   9%|▉         | 15/164 [00:30<05:02,  0.49it/s, v_num=0, train_loss=5.300, val_loss=4.290]
Epoch 1:   9%|▉         | 15/164 [00:30<05:03,  0.49it/s, v_num=0, train_loss=5.490, val_loss=4.290]
Epoch 1:  10%|▉         | 16/164 [00:32<05:00,  0.49it/s, v_num=0, train_loss=5.490, val_loss=4.290]
Epoch 1:  10%|▉         | 16/164 [00:32<05:01,  0.49it/s, v_num=0, train_loss=6.230, val_loss=4.290]
Epoch 1:  10%|█         | 17/164 [00:34<04:58,  0.49it/s, v_num=0, train_loss=6.230, val_loss=4.290]
Epoch 1:  10%|█         | 17/164 [00:34<04:59,  0.49it/s, v_num=0, train_loss=6.490, val_loss=4.290]
Epoch 1:  11%|█         | 18/164 [00:36<04:56,  0.49it/s, v_num=0, train_loss=6.490, val_loss=4.290]
Epoch 1:  11%|█         | 18/164 [00:36<04:57,  0.49it/s, v_num=0, train_loss=3.230, val_loss=4.290]
Epoch 1:  12%|█▏        | 19/164 [00:38<04:54,  0.49it/s, v_num=0, train_loss=3.230, val_loss=4.290]
Epoch 1:  12%|█▏        | 19/164 [00:38<04:55,  0.49it/s, v_num=0, train_loss=3.970, val_loss=4.290]
Epoch 1:  12%|█▏        | 20/164 [00:40<04:52,  0.49it/s, v_num=0, train_loss=3.970, val_loss=4.290]
Epoch 1:  12%|█▏        | 20/164 [00:40<04:53,  0.49it/s, v_num=0, train_loss=4.090, val_loss=4.290]
Epoch 1:  13%|█▎        | 21/164 [00:42<04:50,  0.49it/s, v_num=0, train_loss=4.090, val_loss=4.290]
Epoch 1:  13%|█▎        | 21/164 [00:42<04:50,  0.49it/s, v_num=0, train_loss=6.790, val_loss=4.290]
Epoch 1:  13%|█▎        | 22/164 [00:44<04:48,  0.49it/s, v_num=0, train_loss=6.790, val_loss=4.290]
Epoch 1:  13%|█▎        | 22/164 [00:44<04:48,  0.49it/s, v_num=0, train_loss=6.800, val_loss=4.290]
Epoch 1:  14%|█▍        | 23/164 [00:46<04:46,  0.49it/s, v_num=0, train_loss=6.800, val_loss=4.290]
Epoch 1:  14%|█▍        | 23/164 [00:46<04:46,  0.49it/s, v_num=0, train_loss=4.640, val_loss=4.290]
Epoch 1:  15%|█▍        | 24/164 [00:48<04:44,  0.49it/s, v_num=0, train_loss=4.640, val_loss=4.290]
Epoch 1:  15%|█▍        | 24/164 [00:48<04:44,  0.49it/s, v_num=0, train_loss=6.210, val_loss=4.290]
Epoch 1:  15%|█▌        | 25/164 [00:50<04:42,  0.49it/s, v_num=0, train_loss=6.210, val_loss=4.290]
Epoch 1:  15%|█▌        | 25/164 [00:50<04:42,  0.49it/s, v_num=0, train_loss=3.980, val_loss=4.290]
Epoch 1:  16%|█▌        | 26/164 [00:52<04:40,  0.49it/s, v_num=0, train_loss=3.980, val_loss=4.290]
Epoch 1:  16%|█▌        | 26/164 [00:52<04:40,  0.49it/s, v_num=0, train_loss=5.480, val_loss=4.290]
Epoch 1:  16%|█▋        | 27/164 [00:54<04:38,  0.49it/s, v_num=0, train_loss=5.480, val_loss=4.290]
Epoch 1:  16%|█▋        | 27/164 [00:54<04:38,  0.49it/s, v_num=0, train_loss=3.710, val_loss=4.290]
Epoch 1:  17%|█▋        | 28/164 [00:56<04:36,  0.49it/s, v_num=0, train_loss=3.710, val_loss=4.290]
Epoch 1:  17%|█▋        | 28/164 [00:56<04:36,  0.49it/s, v_num=0, train_loss=4.020, val_loss=4.290]
Epoch 1:  18%|█▊        | 29/164 [00:58<04:34,  0.49it/s, v_num=0, train_loss=4.020, val_loss=4.290]
Epoch 1:  18%|█▊        | 29/164 [00:58<04:34,  0.49it/s, v_num=0, train_loss=3.220, val_loss=4.290]
Epoch 1:  18%|█▊        | 30/164 [01:00<04:32,  0.49it/s, v_num=0, train_loss=3.220, val_loss=4.290]
Epoch 1:  18%|█▊        | 30/164 [01:01<04:32,  0.49it/s, v_num=0, train_loss=4.060, val_loss=4.290]
Epoch 1:  19%|█▉        | 31/164 [01:02<04:30,  0.49it/s, v_num=0, train_loss=4.060, val_loss=4.290]
Epoch 1:  19%|█▉        | 31/164 [01:03<04:30,  0.49it/s, v_num=0, train_loss=3.700, val_loss=4.290]
Epoch 1:  20%|█▉        | 32/164 [01:04<04:28,  0.49it/s, v_num=0, train_loss=3.700, val_loss=4.290]
Epoch 1:  20%|█▉        | 32/164 [01:05<04:28,  0.49it/s, v_num=0, train_loss=3.740, val_loss=4.290]
Epoch 1:  20%|██        | 33/164 [01:07<04:26,  0.49it/s, v_num=0, train_loss=3.740, val_loss=4.290]
Epoch 1:  20%|██        | 33/164 [01:07<04:26,  0.49it/s, v_num=0, train_loss=6.290, val_loss=4.290]
Epoch 1:  21%|██        | 34/164 [01:09<04:24,  0.49it/s, v_num=0, train_loss=6.290, val_loss=4.290]
Epoch 1:  21%|██        | 34/164 [01:09<04:24,  0.49it/s, v_num=0, train_loss=3.080, val_loss=4.290]
Epoch 1:  21%|██▏       | 35/164 [01:11<04:22,  0.49it/s, v_num=0, train_loss=3.080, val_loss=4.290]
Epoch 1:  21%|██▏       | 35/164 [01:11<04:22,  0.49it/s, v_num=0, train_loss=6.120, val_loss=4.290]
Epoch 1:  22%|██▏       | 36/164 [01:13<04:20,  0.49it/s, v_num=0, train_loss=6.120, val_loss=4.290]
Epoch 1:  22%|██▏       | 36/164 [01:13<04:20,  0.49it/s, v_num=0, train_loss=3.490, val_loss=4.290]
Epoch 1:  23%|██▎       | 37/164 [01:15<04:18,  0.49it/s, v_num=0, train_loss=3.490, val_loss=4.290]
Epoch 1:  23%|██▎       | 37/164 [01:15<04:18,  0.49it/s, v_num=0, train_loss=4.230, val_loss=4.290]
Epoch 1:  23%|██▎       | 38/164 [01:17<04:16,  0.49it/s, v_num=0, train_loss=4.230, val_loss=4.290]
Epoch 1:  23%|██▎       | 38/164 [01:17<04:16,  0.49it/s, v_num=0, train_loss=3.910, val_loss=4.290]
Epoch 1:  24%|██▍       | 39/164 [01:19<04:14,  0.49it/s, v_num=0, train_loss=3.910, val_loss=4.290]
Epoch 1:  24%|██▍       | 39/164 [01:19<04:14,  0.49it/s, v_num=0, train_loss=3.760, val_loss=4.290]
Epoch 1:  24%|██▍       | 40/164 [01:21<04:12,  0.49it/s, v_num=0, train_loss=3.760, val_loss=4.290]
Epoch 1:  24%|██▍       | 40/164 [01:21<04:12,  0.49it/s, v_num=0, train_loss=4.240, val_loss=4.290]
Epoch 1:  25%|██▌       | 41/164 [01:23<04:09,  0.49it/s, v_num=0, train_loss=4.240, val_loss=4.290]
Epoch 1:  25%|██▌       | 41/164 [01:23<04:10,  0.49it/s, v_num=0, train_loss=3.480, val_loss=4.290]
Epoch 1:  26%|██▌       | 42/164 [01:25<04:07,  0.49it/s, v_num=0, train_loss=3.480, val_loss=4.290]
Epoch 1:  26%|██▌       | 42/164 [01:25<04:08,  0.49it/s, v_num=0, train_loss=3.970, val_loss=4.290]
Epoch 1:  26%|██▌       | 43/164 [01:27<04:05,  0.49it/s, v_num=0, train_loss=3.970, val_loss=4.290]
Epoch 1:  26%|██▌       | 43/164 [01:27<04:06,  0.49it/s, v_num=0, train_loss=6.590, val_loss=4.290]
Epoch 1:  27%|██▋       | 44/164 [01:29<04:03,  0.49it/s, v_num=0, train_loss=6.590, val_loss=4.290]
Epoch 1:  27%|██▋       | 44/164 [01:29<04:04,  0.49it/s, v_num=0, train_loss=4.000, val_loss=4.290]
Epoch 1:  27%|██▋       | 45/164 [01:31<04:01,  0.49it/s, v_num=0, train_loss=4.000, val_loss=4.290]
Epoch 1:  27%|██▋       | 45/164 [01:31<04:02,  0.49it/s, v_num=0, train_loss=3.620, val_loss=4.290]
Epoch 1:  28%|██▊       | 46/164 [01:33<03:59,  0.49it/s, v_num=0, train_loss=3.620, val_loss=4.290]
Epoch 1:  28%|██▊       | 46/164 [01:33<04:00,  0.49it/s, v_num=0, train_loss=6.320, val_loss=4.290]
Epoch 1:  29%|██▊       | 47/164 [01:35<03:57,  0.49it/s, v_num=0, train_loss=6.320, val_loss=4.290]
Epoch 1:  29%|██▊       | 47/164 [01:35<03:58,  0.49it/s, v_num=0, train_loss=4.640, val_loss=4.290]
Epoch 1:  29%|██▉       | 48/164 [01:37<03:55,  0.49it/s, v_num=0, train_loss=4.640, val_loss=4.290]
Epoch 1:  29%|██▉       | 48/164 [01:37<03:56,  0.49it/s, v_num=0, train_loss=4.460, val_loss=4.290]
Epoch 1:  30%|██▉       | 49/164 [01:39<03:53,  0.49it/s, v_num=0, train_loss=4.460, val_loss=4.290]
Epoch 1:  30%|██▉       | 49/164 [01:39<03:54,  0.49it/s, v_num=0, train_loss=4.270, val_loss=4.290]
Epoch 1:  30%|███       | 50/164 [01:41<03:51,  0.49it/s, v_num=0, train_loss=4.270, val_loss=4.290]
Epoch 1:  30%|███       | 50/164 [01:41<03:52,  0.49it/s, v_num=0, train_loss=3.820, val_loss=4.290]
Epoch 1:  31%|███       | 51/164 [01:43<03:49,  0.49it/s, v_num=0, train_loss=3.820, val_loss=4.290]
Epoch 1:  31%|███       | 51/164 [01:43<03:50,  0.49it/s, v_num=0, train_loss=3.910, val_loss=4.290]
Epoch 1:  32%|███▏      | 52/164 [01:45<03:47,  0.49it/s, v_num=0, train_loss=3.910, val_loss=4.290]
Epoch 1:  32%|███▏      | 52/164 [01:45<03:47,  0.49it/s, v_num=0, train_loss=4.460, val_loss=4.290]
Epoch 1:  32%|███▏      | 53/164 [01:47<03:45,  0.49it/s, v_num=0, train_loss=4.460, val_loss=4.290]
Epoch 1:  32%|███▏      | 53/164 [01:47<03:45,  0.49it/s, v_num=0, train_loss=6.090, val_loss=4.290]
Epoch 1:  33%|███▎      | 54/164 [01:49<03:43,  0.49it/s, v_num=0, train_loss=6.090, val_loss=4.290]
Epoch 1:  33%|███▎      | 54/164 [01:49<03:43,  0.49it/s, v_num=0, train_loss=4.030, val_loss=4.290]
Epoch 1:  34%|███▎      | 55/164 [01:51<03:41,  0.49it/s, v_num=0, train_loss=4.030, val_loss=4.290]
Epoch 1:  34%|███▎      | 55/164 [01:51<03:41,  0.49it/s, v_num=0, train_loss=4.670, val_loss=4.290]
Epoch 1:  34%|███▍      | 56/164 [01:53<03:39,  0.49it/s, v_num=0, train_loss=4.670, val_loss=4.290]
Epoch 1:  34%|███▍      | 56/164 [01:54<03:39,  0.49it/s, v_num=0, train_loss=3.410, val_loss=4.290]
Epoch 1:  35%|███▍      | 57/164 [01:55<03:37,  0.49it/s, v_num=0, train_loss=3.410, val_loss=4.290]
Epoch 1:  35%|███▍      | 57/164 [01:56<03:37,  0.49it/s, v_num=0, train_loss=4.640, val_loss=4.290]
Epoch 1:  35%|███▌      | 58/164 [01:57<03:35,  0.49it/s, v_num=0, train_loss=4.640, val_loss=4.290]
Epoch 1:  35%|███▌      | 58/164 [01:58<03:35,  0.49it/s, v_num=0, train_loss=4.180, val_loss=4.290]
Epoch 1:  36%|███▌      | 59/164 [02:00<03:33,  0.49it/s, v_num=0, train_loss=4.180, val_loss=4.290]
Epoch 1:  36%|███▌      | 59/164 [02:00<03:33,  0.49it/s, v_num=0, train_loss=4.150, val_loss=4.290]
Epoch 1:  37%|███▋      | 60/164 [02:02<03:31,  0.49it/s, v_num=0, train_loss=4.150, val_loss=4.290]
Epoch 1:  37%|███▋      | 60/164 [02:02<03:31,  0.49it/s, v_num=0, train_loss=6.120, val_loss=4.290]
Epoch 1:  37%|███▋      | 61/164 [02:04<03:29,  0.49it/s, v_num=0, train_loss=6.120, val_loss=4.290]
Epoch 1:  37%|███▋      | 61/164 [02:04<03:29,  0.49it/s, v_num=0, train_loss=4.030, val_loss=4.290]
Epoch 1:  38%|███▊      | 62/164 [02:06<03:27,  0.49it/s, v_num=0, train_loss=4.030, val_loss=4.290]
Epoch 1:  38%|███▊      | 62/164 [02:06<03:27,  0.49it/s, v_num=0, train_loss=6.130, val_loss=4.290]
Epoch 1:  38%|███▊      | 63/164 [02:08<03:25,  0.49it/s, v_num=0, train_loss=6.130, val_loss=4.290]
Epoch 1:  38%|███▊      | 63/164 [02:08<03:25,  0.49it/s, v_num=0, train_loss=5.910, val_loss=4.290]
Epoch 1:  39%|███▉      | 64/164 [02:10<03:23,  0.49it/s, v_num=0, train_loss=5.910, val_loss=4.290]
Epoch 1:  39%|███▉      | 64/164 [02:10<03:23,  0.49it/s, v_num=0, train_loss=6.500, val_loss=4.290]
Epoch 1:  40%|███▉      | 65/164 [02:12<03:21,  0.49it/s, v_num=0, train_loss=6.500, val_loss=4.290]
Epoch 1:  40%|███▉      | 65/164 [02:12<03:21,  0.49it/s, v_num=0, train_loss=4.520, val_loss=4.290]
Epoch 1:  40%|████      | 66/164 [02:14<03:19,  0.49it/s, v_num=0, train_loss=4.520, val_loss=4.290]
Epoch 1:  40%|████      | 66/164 [02:14<03:19,  0.49it/s, v_num=0, train_loss=4.250, val_loss=4.290]
Epoch 1:  41%|████      | 67/164 [02:16<03:17,  0.49it/s, v_num=0, train_loss=4.250, val_loss=4.290]
Epoch 1:  41%|████      | 67/164 [02:16<03:17,  0.49it/s, v_num=0, train_loss=6.010, val_loss=4.290]
Epoch 1:  41%|████▏     | 68/164 [02:18<03:15,  0.49it/s, v_num=0, train_loss=6.010, val_loss=4.290]
Epoch 1:  41%|████▏     | 68/164 [02:18<03:15,  0.49it/s, v_num=0, train_loss=3.980, val_loss=4.290]
Epoch 1:  42%|████▏     | 69/164 [02:20<03:13,  0.49it/s, v_num=0, train_loss=3.980, val_loss=4.290]
Epoch 1:  42%|████▏     | 69/164 [02:20<03:13,  0.49it/s, v_num=0, train_loss=4.370, val_loss=4.290]
Epoch 1:  43%|████▎     | 70/164 [02:22<03:11,  0.49it/s, v_num=0, train_loss=4.370, val_loss=4.290]
Epoch 1:  43%|████▎     | 70/164 [02:22<03:11,  0.49it/s, v_num=0, train_loss=3.750, val_loss=4.290]
Epoch 1:  43%|████▎     | 71/164 [02:24<03:09,  0.49it/s, v_num=0, train_loss=3.750, val_loss=4.290]
Epoch 1:  43%|████▎     | 71/164 [02:24<03:09,  0.49it/s, v_num=0, train_loss=3.900, val_loss=4.290]
Epoch 1:  44%|████▍     | 72/164 [02:26<03:07,  0.49it/s, v_num=0, train_loss=3.900, val_loss=4.290]
Epoch 1:  44%|████▍     | 72/164 [02:26<03:07,  0.49it/s, v_num=0, train_loss=6.520, val_loss=4.290]
Epoch 1:  45%|████▍     | 73/164 [02:28<03:05,  0.49it/s, v_num=0, train_loss=6.520, val_loss=4.290]
Epoch 1:  45%|████▍     | 73/164 [02:28<03:05,  0.49it/s, v_num=0, train_loss=4.430, val_loss=4.290]
Epoch 1:  45%|████▌     | 74/164 [02:30<03:03,  0.49it/s, v_num=0, train_loss=4.430, val_loss=4.290]
Epoch 1:  45%|████▌     | 74/164 [02:30<03:03,  0.49it/s, v_num=0, train_loss=4.460, val_loss=4.290]
Epoch 1:  46%|████▌     | 75/164 [02:32<03:01,  0.49it/s, v_num=0, train_loss=4.460, val_loss=4.290]
Epoch 1:  46%|████▌     | 75/164 [02:32<03:01,  0.49it/s, v_num=0, train_loss=3.630, val_loss=4.290]
Epoch 1:  46%|████▋     | 76/164 [02:34<02:59,  0.49it/s, v_num=0, train_loss=3.630, val_loss=4.290]
Epoch 1:  46%|████▋     | 76/164 [02:34<02:59,  0.49it/s, v_num=0, train_loss=4.780, val_loss=4.290]
Epoch 1:  47%|████▋     | 77/164 [02:36<02:57,  0.49it/s, v_num=0, train_loss=4.780, val_loss=4.290]
Epoch 1:  47%|████▋     | 77/164 [02:36<02:57,  0.49it/s, v_num=0, train_loss=5.520, val_loss=4.290]
Epoch 1:  48%|████▊     | 78/164 [02:38<02:55,  0.49it/s, v_num=0, train_loss=5.520, val_loss=4.290]
Epoch 1:  48%|████▊     | 78/164 [02:38<02:55,  0.49it/s, v_num=0, train_loss=4.250, val_loss=4.290]
Epoch 1:  48%|████▊     | 79/164 [02:40<02:53,  0.49it/s, v_num=0, train_loss=4.250, val_loss=4.290]
Epoch 1:  48%|████▊     | 79/164 [02:40<02:53,  0.49it/s, v_num=0, train_loss=2.910, val_loss=4.290]
Epoch 1:  49%|████▉     | 80/164 [02:42<02:51,  0.49it/s, v_num=0, train_loss=2.910, val_loss=4.290]
Epoch 1:  49%|████▉     | 80/164 [02:43<02:51,  0.49it/s, v_num=0, train_loss=3.370, val_loss=4.290]
Epoch 1:  49%|████▉     | 81/164 [02:44<02:49,  0.49it/s, v_num=0, train_loss=3.370, val_loss=4.290]
Epoch 1:  49%|████▉     | 81/164 [02:45<02:49,  0.49it/s, v_num=0, train_loss=5.930, val_loss=4.290]
Epoch 1:  50%|█████     | 82/164 [02:46<02:46,  0.49it/s, v_num=0, train_loss=5.930, val_loss=4.290]
Epoch 1:  50%|█████     | 82/164 [02:47<02:47,  0.49it/s, v_num=0, train_loss=4.760, val_loss=4.290]
Epoch 1:  51%|█████     | 83/164 [02:49<02:44,  0.49it/s, v_num=0, train_loss=4.760, val_loss=4.290]
Epoch 1:  51%|█████     | 83/164 [02:49<02:45,  0.49it/s, v_num=0, train_loss=3.790, val_loss=4.290]
Epoch 1:  51%|█████     | 84/164 [02:51<02:42,  0.49it/s, v_num=0, train_loss=3.790, val_loss=4.290]
Epoch 1:  51%|█████     | 84/164 [02:51<02:43,  0.49it/s, v_num=0, train_loss=4.430, val_loss=4.290]
Epoch 1:  52%|█████▏    | 85/164 [02:53<02:40,  0.49it/s, v_num=0, train_loss=4.430, val_loss=4.290]
Epoch 1:  52%|█████▏    | 85/164 [02:53<02:40,  0.49it/s, v_num=0, train_loss=3.790, val_loss=4.290]
Epoch 1:  52%|█████▏    | 86/164 [02:55<02:38,  0.49it/s, v_num=0, train_loss=3.790, val_loss=4.290]
Epoch 1:  52%|█████▏    | 86/164 [02:55<02:38,  0.49it/s, v_num=0, train_loss=3.770, val_loss=4.290]
Epoch 1:  53%|█████▎    | 87/164 [02:57<02:36,  0.49it/s, v_num=0, train_loss=3.770, val_loss=4.290]
Epoch 1:  53%|█████▎    | 87/164 [02:57<02:36,  0.49it/s, v_num=0, train_loss=2.970, val_loss=4.290]
Epoch 1:  54%|█████▎    | 88/164 [02:59<02:34,  0.49it/s, v_num=0, train_loss=2.970, val_loss=4.290]
Epoch 1:  54%|█████▎    | 88/164 [02:59<02:34,  0.49it/s, v_num=0, train_loss=3.270, val_loss=4.290]
Epoch 1:  54%|█████▍    | 89/164 [03:01<02:32,  0.49it/s, v_num=0, train_loss=3.270, val_loss=4.290]
Epoch 1:  54%|█████▍    | 89/164 [03:01<02:32,  0.49it/s, v_num=0, train_loss=4.170, val_loss=4.290]
Epoch 1:  55%|█████▍    | 90/164 [03:03<02:30,  0.49it/s, v_num=0, train_loss=4.170, val_loss=4.290]
Epoch 1:  55%|█████▍    | 90/164 [03:03<02:30,  0.49it/s, v_num=0, train_loss=4.090, val_loss=4.290]
Epoch 1:  55%|█████▌    | 91/164 [03:05<02:28,  0.49it/s, v_num=0, train_loss=4.090, val_loss=4.290]
Epoch 1:  55%|█████▌    | 91/164 [03:05<02:28,  0.49it/s, v_num=0, train_loss=6.440, val_loss=4.290]
Epoch 1:  56%|█████▌    | 92/164 [03:07<02:26,  0.49it/s, v_num=0, train_loss=6.440, val_loss=4.290]
Epoch 1:  56%|█████▌    | 92/164 [03:07<02:26,  0.49it/s, v_num=0, train_loss=4.260, val_loss=4.290]
Epoch 1:  57%|█████▋    | 93/164 [03:09<02:24,  0.49it/s, v_num=0, train_loss=4.260, val_loss=4.290]
Epoch 1:  57%|█████▋    | 93/164 [03:09<02:24,  0.49it/s, v_num=0, train_loss=3.890, val_loss=4.290]
Epoch 1:  57%|█████▋    | 94/164 [03:11<02:22,  0.49it/s, v_num=0, train_loss=3.890, val_loss=4.290]
Epoch 1:  57%|█████▋    | 94/164 [03:11<02:22,  0.49it/s, v_num=0, train_loss=3.600, val_loss=4.290]
Epoch 1:  58%|█████▊    | 95/164 [03:13<02:20,  0.49it/s, v_num=0, train_loss=3.600, val_loss=4.290]
Epoch 1:  58%|█████▊    | 95/164 [03:13<02:20,  0.49it/s, v_num=0, train_loss=3.520, val_loss=4.290]
Epoch 1:  59%|█████▊    | 96/164 [03:15<02:18,  0.49it/s, v_num=0, train_loss=3.520, val_loss=4.290]
Epoch 1:  59%|█████▊    | 96/164 [03:15<02:18,  0.49it/s, v_num=0, train_loss=4.270, val_loss=4.290]
Epoch 1:  59%|█████▉    | 97/164 [03:17<02:16,  0.49it/s, v_num=0, train_loss=4.270, val_loss=4.290]
Epoch 1:  59%|█████▉    | 97/164 [03:17<02:16,  0.49it/s, v_num=0, train_loss=5.900, val_loss=4.290]
Epoch 1:  60%|█████▉    | 98/164 [03:19<02:14,  0.49it/s, v_num=0, train_loss=5.900, val_loss=4.290]
Epoch 1:  60%|█████▉    | 98/164 [03:19<02:14,  0.49it/s, v_num=0, train_loss=3.800, val_loss=4.290]
Epoch 1:  60%|██████    | 99/164 [03:21<02:12,  0.49it/s, v_num=0, train_loss=3.800, val_loss=4.290]
Epoch 1:  60%|██████    | 99/164 [03:21<02:12,  0.49it/s, v_num=0, train_loss=4.250, val_loss=4.290]
Epoch 1:  61%|██████    | 100/164 [03:23<02:10,  0.49it/s, v_num=0, train_loss=4.250, val_loss=4.290]
Epoch 1:  61%|██████    | 100/164 [03:23<02:10,  0.49it/s, v_num=0, train_loss=5.910, val_loss=4.290]
Epoch 1:  62%|██████▏   | 101/164 [03:25<02:08,  0.49it/s, v_num=0, train_loss=5.910, val_loss=4.290]
Epoch 1:  62%|██████▏   | 101/164 [03:25<02:08,  0.49it/s, v_num=0, train_loss=3.620, val_loss=4.290]
Epoch 1:  62%|██████▏   | 102/164 [03:27<02:06,  0.49it/s, v_num=0, train_loss=3.620, val_loss=4.290]
Epoch 1:  62%|██████▏   | 102/164 [03:27<02:06,  0.49it/s, v_num=0, train_loss=4.010, val_loss=4.290]
Epoch 1:  63%|██████▎   | 103/164 [03:29<02:04,  0.49it/s, v_num=0, train_loss=4.010, val_loss=4.290]
Epoch 1:  63%|██████▎   | 103/164 [03:29<02:04,  0.49it/s, v_num=0, train_loss=3.280, val_loss=4.290]
Epoch 1:  63%|██████▎   | 104/164 [03:31<02:02,  0.49it/s, v_num=0, train_loss=3.280, val_loss=4.290]
Epoch 1:  63%|██████▎   | 104/164 [03:31<02:02,  0.49it/s, v_num=0, train_loss=4.390, val_loss=4.290]
Epoch 1:  64%|██████▍   | 105/164 [03:33<02:00,  0.49it/s, v_num=0, train_loss=4.390, val_loss=4.290]
Epoch 1:  64%|██████▍   | 105/164 [03:33<02:00,  0.49it/s, v_num=0, train_loss=4.400, val_loss=4.290]
Epoch 1:  65%|██████▍   | 106/164 [03:35<01:58,  0.49it/s, v_num=0, train_loss=4.400, val_loss=4.290]
Epoch 1:  65%|██████▍   | 106/164 [03:35<01:58,  0.49it/s, v_num=0, train_loss=3.860, val_loss=4.290]
Epoch 1:  65%|██████▌   | 107/164 [03:37<01:56,  0.49it/s, v_num=0, train_loss=3.860, val_loss=4.290]
Epoch 1:  65%|██████▌   | 107/164 [03:38<01:56,  0.49it/s, v_num=0, train_loss=4.270, val_loss=4.290]
Epoch 1:  66%|██████▌   | 108/164 [03:39<01:54,  0.49it/s, v_num=0, train_loss=4.270, val_loss=4.290]
Epoch 1:  66%|██████▌   | 108/164 [03:40<01:54,  0.49it/s, v_num=0, train_loss=4.360, val_loss=4.290]
Epoch 1:  66%|██████▋   | 109/164 [03:42<01:52,  0.49it/s, v_num=0, train_loss=4.360, val_loss=4.290]
Epoch 1:  66%|██████▋   | 109/164 [03:42<01:52,  0.49it/s, v_num=0, train_loss=5.550, val_loss=4.290]
Epoch 1:  67%|██████▋   | 110/164 [03:44<01:49,  0.49it/s, v_num=0, train_loss=5.550, val_loss=4.290]
Epoch 1:  67%|██████▋   | 110/164 [03:44<01:50,  0.49it/s, v_num=0, train_loss=5.140, val_loss=4.290]
Epoch 1:  68%|██████▊   | 111/164 [03:46<01:47,  0.49it/s, v_num=0, train_loss=5.140, val_loss=4.290]
Epoch 1:  68%|██████▊   | 111/164 [03:46<01:47,  0.49it/s, v_num=0, train_loss=5.520, val_loss=4.290]
Epoch 1:  68%|██████▊   | 112/164 [03:48<01:45,  0.49it/s, v_num=0, train_loss=5.520, val_loss=4.290]
Epoch 1:  68%|██████▊   | 112/164 [03:48<01:45,  0.49it/s, v_num=0, train_loss=4.070, val_loss=4.290]
Epoch 1:  69%|██████▉   | 113/164 [03:50<01:43,  0.49it/s, v_num=0, train_loss=4.070, val_loss=4.290]
Epoch 1:  69%|██████▉   | 113/164 [03:50<01:43,  0.49it/s, v_num=0, train_loss=3.900, val_loss=4.290]
Epoch 1:  70%|██████▉   | 114/164 [03:52<01:41,  0.49it/s, v_num=0, train_loss=3.900, val_loss=4.290]
Epoch 1:  70%|██████▉   | 114/164 [03:52<01:41,  0.49it/s, v_num=0, train_loss=3.790, val_loss=4.290]
Epoch 1:  70%|███████   | 115/164 [03:54<01:39,  0.49it/s, v_num=0, train_loss=3.790, val_loss=4.290]
Epoch 1:  70%|███████   | 115/164 [03:54<01:39,  0.49it/s, v_num=0, train_loss=3.800, val_loss=4.290]
Epoch 1:  71%|███████   | 116/164 [03:56<01:37,  0.49it/s, v_num=0, train_loss=3.800, val_loss=4.290]
Epoch 1:  71%|███████   | 116/164 [03:56<01:37,  0.49it/s, v_num=0, train_loss=6.450, val_loss=4.290]
Epoch 1:  71%|███████▏  | 117/164 [03:58<01:35,  0.49it/s, v_num=0, train_loss=6.450, val_loss=4.290]
Epoch 1:  71%|███████▏  | 117/164 [03:58<01:35,  0.49it/s, v_num=0, train_loss=4.200, val_loss=4.290]
Epoch 1:  72%|███████▏  | 118/164 [04:00<01:33,  0.49it/s, v_num=0, train_loss=4.200, val_loss=4.290]
Epoch 1:  72%|███████▏  | 118/164 [04:00<01:33,  0.49it/s, v_num=0, train_loss=6.440, val_loss=4.290]
Epoch 1:  73%|███████▎  | 119/164 [04:02<01:31,  0.49it/s, v_num=0, train_loss=6.440, val_loss=4.290]
Epoch 1:  73%|███████▎  | 119/164 [04:02<01:31,  0.49it/s, v_num=0, train_loss=4.740, val_loss=4.290]
Epoch 1:  73%|███████▎  | 120/164 [04:04<01:29,  0.49it/s, v_num=0, train_loss=4.740, val_loss=4.290]
Epoch 1:  73%|███████▎  | 120/164 [04:04<01:29,  0.49it/s, v_num=0, train_loss=3.210, val_loss=4.290]
Epoch 1:  74%|███████▍  | 121/164 [04:06<01:27,  0.49it/s, v_num=0, train_loss=3.210, val_loss=4.290]
Epoch 1:  74%|███████▍  | 121/164 [04:06<01:27,  0.49it/s, v_num=0, train_loss=2.760, val_loss=4.290]
Epoch 1:  74%|███████▍  | 122/164 [04:08<01:25,  0.49it/s, v_num=0, train_loss=2.760, val_loss=4.290]
Epoch 1:  74%|███████▍  | 122/164 [04:08<01:25,  0.49it/s, v_num=0, train_loss=6.770, val_loss=4.290]
Epoch 1:  75%|███████▌  | 123/164 [04:10<01:23,  0.49it/s, v_num=0, train_loss=6.770, val_loss=4.290]
Epoch 1:  75%|███████▌  | 123/164 [04:10<01:23,  0.49it/s, v_num=0, train_loss=3.260, val_loss=4.290]
Epoch 1:  76%|███████▌  | 124/164 [04:12<01:21,  0.49it/s, v_num=0, train_loss=3.260, val_loss=4.290]
Epoch 1:  76%|███████▌  | 124/164 [04:12<01:21,  0.49it/s, v_num=0, train_loss=3.820, val_loss=4.290]
Epoch 1:  76%|███████▌  | 125/164 [04:14<01:19,  0.49it/s, v_num=0, train_loss=3.820, val_loss=4.290]
Epoch 1:  76%|███████▌  | 125/164 [04:14<01:19,  0.49it/s, v_num=0, train_loss=3.490, val_loss=4.290]
Epoch 1:  77%|███████▋  | 126/164 [04:16<01:17,  0.49it/s, v_num=0, train_loss=3.490, val_loss=4.290]
Epoch 1:  77%|███████▋  | 126/164 [04:16<01:17,  0.49it/s, v_num=0, train_loss=6.380, val_loss=4.290]
Epoch 1:  77%|███████▋  | 127/164 [04:18<01:15,  0.49it/s, v_num=0, train_loss=6.380, val_loss=4.290]
Epoch 1:  77%|███████▋  | 127/164 [04:18<01:15,  0.49it/s, v_num=0, train_loss=3.710, val_loss=4.290]
Epoch 1:  78%|███████▊  | 128/164 [04:20<01:13,  0.49it/s, v_num=0, train_loss=3.710, val_loss=4.290]
Epoch 1:  78%|███████▊  | 128/164 [04:20<01:13,  0.49it/s, v_num=0, train_loss=3.490, val_loss=4.290]
Epoch 1:  79%|███████▊  | 129/164 [04:22<01:11,  0.49it/s, v_num=0, train_loss=3.490, val_loss=4.290]
Epoch 1:  79%|███████▊  | 129/164 [04:22<01:11,  0.49it/s, v_num=0, train_loss=5.970, val_loss=4.290]
Epoch 1:  79%|███████▉  | 130/164 [04:24<01:09,  0.49it/s, v_num=0, train_loss=5.970, val_loss=4.290]
Epoch 1:  79%|███████▉  | 130/164 [04:24<01:09,  0.49it/s, v_num=0, train_loss=3.680, val_loss=4.290]
Epoch 1:  80%|███████▉  | 131/164 [04:26<01:07,  0.49it/s, v_num=0, train_loss=3.680, val_loss=4.290]
Epoch 1:  80%|███████▉  | 131/164 [04:26<01:07,  0.49it/s, v_num=0, train_loss=3.650, val_loss=4.290]
Epoch 1:  80%|████████  | 132/164 [04:28<01:05,  0.49it/s, v_num=0, train_loss=3.650, val_loss=4.290]
Epoch 1:  80%|████████  | 132/164 [04:28<01:05,  0.49it/s, v_num=0, train_loss=3.820, val_loss=4.290]
Epoch 1:  81%|████████  | 133/164 [04:30<01:03,  0.49it/s, v_num=0, train_loss=3.820, val_loss=4.290]
Epoch 1:  81%|████████  | 133/164 [04:30<01:03,  0.49it/s, v_num=0, train_loss=4.260, val_loss=4.290]
Epoch 1:  82%|████████▏ | 134/164 [04:32<01:01,  0.49it/s, v_num=0, train_loss=4.260, val_loss=4.290]
Epoch 1:  82%|████████▏ | 134/164 [04:32<01:01,  0.49it/s, v_num=0, train_loss=6.180, val_loss=4.290]
Epoch 1:  82%|████████▏ | 135/164 [04:34<00:59,  0.49it/s, v_num=0, train_loss=6.180, val_loss=4.290]
Epoch 1:  82%|████████▏ | 135/164 [04:35<00:59,  0.49it/s, v_num=0, train_loss=4.950, val_loss=4.290]
Epoch 1:  83%|████████▎ | 136/164 [04:36<00:57,  0.49it/s, v_num=0, train_loss=4.950, val_loss=4.290]
Epoch 1:  83%|████████▎ | 136/164 [04:37<00:57,  0.49it/s, v_num=0, train_loss=6.330, val_loss=4.290]
Epoch 1:  84%|████████▎ | 137/164 [04:38<00:54,  0.49it/s, v_num=0, train_loss=6.330, val_loss=4.290]
Epoch 1:  84%|████████▎ | 137/164 [04:39<00:55,  0.49it/s, v_num=0, train_loss=3.510, val_loss=4.290]
Epoch 1:  84%|████████▍ | 138/164 [04:41<00:52,  0.49it/s, v_num=0, train_loss=3.510, val_loss=4.290]
Epoch 1:  84%|████████▍ | 138/164 [04:41<00:52,  0.49it/s, v_num=0, train_loss=6.040, val_loss=4.290]
Epoch 1:  85%|████████▍ | 139/164 [04:43<00:50,  0.49it/s, v_num=0, train_loss=6.040, val_loss=4.290]
Epoch 1:  85%|████████▍ | 139/164 [04:43<00:50,  0.49it/s, v_num=0, train_loss=4.060, val_loss=4.290]
Epoch 1:  85%|████████▌ | 140/164 [04:45<00:48,  0.49it/s, v_num=0, train_loss=4.060, val_loss=4.290]
Epoch 1:  85%|████████▌ | 140/164 [04:45<00:48,  0.49it/s, v_num=0, train_loss=4.130, val_loss=4.290]
Epoch 1:  86%|████████▌ | 141/164 [04:47<00:46,  0.49it/s, v_num=0, train_loss=4.130, val_loss=4.290]
Epoch 1:  86%|████████▌ | 141/164 [04:47<00:46,  0.49it/s, v_num=0, train_loss=6.160, val_loss=4.290]
Epoch 1:  87%|████████▋ | 142/164 [04:49<00:44,  0.49it/s, v_num=0, train_loss=6.160, val_loss=4.290]
Epoch 1:  87%|████████▋ | 142/164 [04:49<00:44,  0.49it/s, v_num=0, train_loss=3.040, val_loss=4.290]
Epoch 1:  87%|████████▋ | 143/164 [04:51<00:42,  0.49it/s, v_num=0, train_loss=3.040, val_loss=4.290]
Epoch 1:  87%|████████▋ | 143/164 [04:51<00:42,  0.49it/s, v_num=0, train_loss=6.110, val_loss=4.290]
Epoch 1:  88%|████████▊ | 144/164 [04:53<00:40,  0.49it/s, v_num=0, train_loss=6.110, val_loss=4.290]
Epoch 1:  88%|████████▊ | 144/164 [04:53<00:40,  0.49it/s, v_num=0, train_loss=4.520, val_loss=4.290]
Epoch 1:  88%|████████▊ | 145/164 [04:55<00:38,  0.49it/s, v_num=0, train_loss=4.520, val_loss=4.290]
Epoch 1:  88%|████████▊ | 145/164 [04:55<00:38,  0.49it/s, v_num=0, train_loss=4.180, val_loss=4.290]
Epoch 1:  89%|████████▉ | 146/164 [04:57<00:36,  0.49it/s, v_num=0, train_loss=4.180, val_loss=4.290]
Epoch 1:  89%|████████▉ | 146/164 [04:57<00:36,  0.49it/s, v_num=0, train_loss=3.190, val_loss=4.290]
Epoch 1:  90%|████████▉ | 147/164 [04:59<00:34,  0.49it/s, v_num=0, train_loss=3.190, val_loss=4.290]
Epoch 1:  90%|████████▉ | 147/164 [04:59<00:34,  0.49it/s, v_num=0, train_loss=3.460, val_loss=4.290]
Epoch 1:  90%|█████████ | 148/164 [05:01<00:32,  0.49it/s, v_num=0, train_loss=3.460, val_loss=4.290]
Epoch 1:  90%|█████████ | 148/164 [05:01<00:32,  0.49it/s, v_num=0, train_loss=5.080, val_loss=4.290]
Epoch 1:  91%|█████████ | 149/164 [05:03<00:30,  0.49it/s, v_num=0, train_loss=5.080, val_loss=4.290]
Epoch 1:  91%|█████████ | 149/164 [05:03<00:30,  0.49it/s, v_num=0, train_loss=4.300, val_loss=4.290]
Epoch 1:  91%|█████████▏| 150/164 [05:05<00:28,  0.49it/s, v_num=0, train_loss=4.300, val_loss=4.290]
Epoch 1:  91%|█████████▏| 150/164 [05:05<00:28,  0.49it/s, v_num=0, train_loss=6.570, val_loss=4.290]
Epoch 1:  92%|█████████▏| 151/164 [05:07<00:26,  0.49it/s, v_num=0, train_loss=6.570, val_loss=4.290]
Epoch 1:  92%|█████████▏| 151/164 [05:07<00:26,  0.49it/s, v_num=0, train_loss=5.220, val_loss=4.290]
Epoch 1:  93%|█████████▎| 152/164 [05:09<00:24,  0.49it/s, v_num=0, train_loss=5.220, val_loss=4.290]
Epoch 1:  93%|█████████▎| 152/164 [05:09<00:24,  0.49it/s, v_num=0, train_loss=3.500, val_loss=4.290]
Epoch 1:  93%|█████████▎| 153/164 [05:11<00:22,  0.49it/s, v_num=0, train_loss=3.500, val_loss=4.290]
Epoch 1:  93%|█████████▎| 153/164 [05:11<00:22,  0.49it/s, v_num=0, train_loss=3.960, val_loss=4.290]
Epoch 1:  94%|█████████▍| 154/164 [05:13<00:20,  0.49it/s, v_num=0, train_loss=3.960, val_loss=4.290]
Epoch 1:  94%|█████████▍| 154/164 [05:13<00:20,  0.49it/s, v_num=0, train_loss=3.780, val_loss=4.290]
Epoch 1:  95%|█████████▍| 155/164 [05:15<00:18,  0.49it/s, v_num=0, train_loss=3.780, val_loss=4.290]
Epoch 1:  95%|█████████▍| 155/164 [05:15<00:18,  0.49it/s, v_num=0, train_loss=4.880, val_loss=4.290]
Epoch 1:  95%|█████████▌| 156/164 [05:17<00:16,  0.49it/s, v_num=0, train_loss=4.880, val_loss=4.290]
Epoch 1:  95%|█████████▌| 156/164 [05:17<00:16,  0.49it/s, v_num=0, train_loss=3.470, val_loss=4.290]
Epoch 1:  96%|█████████▌| 157/164 [05:19<00:14,  0.49it/s, v_num=0, train_loss=3.470, val_loss=4.290]
Epoch 1:  96%|█████████▌| 157/164 [05:19<00:14,  0.49it/s, v_num=0, train_loss=4.470, val_loss=4.290]
Epoch 1:  96%|█████████▋| 158/164 [05:21<00:12,  0.49it/s, v_num=0, train_loss=4.470, val_loss=4.290]
Epoch 1:  96%|█████████▋| 158/164 [05:21<00:12,  0.49it/s, v_num=0, train_loss=6.090, val_loss=4.290]
Epoch 1:  97%|█████████▋| 159/164 [05:23<00:10,  0.49it/s, v_num=0, train_loss=6.090, val_loss=4.290]
Epoch 1:  97%|█████████▋| 159/164 [05:23<00:10,  0.49it/s, v_num=0, train_loss=3.680, val_loss=4.290]
Epoch 1:  98%|█████████▊| 160/164 [05:25<00:08,  0.49it/s, v_num=0, train_loss=3.680, val_loss=4.290]
Epoch 1:  98%|█████████▊| 160/164 [05:25<00:08,  0.49it/s, v_num=0, train_loss=4.090, val_loss=4.290]
Epoch 1:  98%|█████████▊| 161/164 [05:27<00:06,  0.49it/s, v_num=0, train_loss=4.090, val_loss=4.290]
Epoch 1:  98%|█████████▊| 161/164 [05:27<00:06,  0.49it/s, v_num=0, train_loss=4.120, val_loss=4.290]
Epoch 1:  99%|█████████▉| 162/164 [05:29<00:04,  0.49it/s, v_num=0, train_loss=4.120, val_loss=4.290]
Epoch 1:  99%|█████████▉| 162/164 [05:29<00:04,  0.49it/s, v_num=0, train_loss=6.460, val_loss=4.290]
Epoch 1:  99%|█████████▉| 163/164 [05:31<00:02,  0.49it/s, v_num=0, train_loss=6.460, val_loss=4.290]
Epoch 1:  99%|█████████▉| 163/164 [05:31<00:02,  0.49it/s, v_num=0, train_loss=4.070, val_loss=4.290]
Epoch 1: 100%|██████████| 164/164 [05:33<00:00,  0.49it/s, v_num=0, train_loss=4.070, val_loss=4.290]
Epoch 1: 100%|██████████| 164/164 [05:33<00:00,  0.49it/s, v_num=0, train_loss=6.460, val_loss=4.290]

Validation: |          | 0/? [00:00<?, ?it/s][A

Validation:   0%|          | 0/126 [00:00<?, ?it/s][A

Validation DataLoader 0:   0%|          | 0/126 [00:00<?, ?it/s][A

Validation DataLoader 0:   1%|          | 1/126 [00:01<02:37,  0.79it/s][A

Validation DataLoader 0:   2%|▏         | 2/126 [00:02<02:36,  0.79it/s][A

Validation DataLoader 0:   2%|▏         | 3/126 [00:03<02:35,  0.79it/s][A

Validation DataLoader 0:   3%|▎         | 4/126 [00:05<02:34,  0.79it/s][A

Validation DataLoader 0:   4%|▍         | 5/126 [00:06<02:32,  0.79it/s][A

Validation DataLoader 0:   5%|▍         | 6/126 [00:07<02:31,  0.79it/s][A

Validation DataLoader 0:   6%|▌         | 7/126 [00:08<02:30,  0.79it/s][A

Validation DataLoader 0:   6%|▋         | 8/126 [00:10<02:29,  0.79it/s][A

Validation DataLoader 0:   7%|▋         | 9/126 [00:11<02:28,  0.79it/s][A

Validation DataLoader 0:   8%|▊         | 10/126 [00:12<02:26,  0.79it/s][A

Validation DataLoader 0:   9%|▊         | 11/126 [00:13<02:25,  0.79it/s][A

Validation DataLoader 0:  10%|▉         | 12/126 [00:15<02:24,  0.79it/s][A

Validation DataLoader 0:  10%|█         | 13/126 [00:16<02:23,  0.79it/s][A

Validation DataLoader 0:  11%|█         | 14/126 [00:17<02:21,  0.79it/s][A

Validation DataLoader 0:  12%|█▏        | 15/126 [00:18<02:20,  0.79it/s][A

Validation DataLoader 0:  13%|█▎        | 16/126 [00:20<02:19,  0.79it/s][A

Validation DataLoader 0:  13%|█▎        | 17/126 [00:21<02:18,  0.79it/s][A

Validation DataLoader 0:  14%|█▍        | 18/126 [00:22<02:16,  0.79it/s][A

Validation DataLoader 0:  15%|█▌        | 19/126 [00:24<02:15,  0.79it/s][A

Validation DataLoader 0:  16%|█▌        | 20/126 [00:25<02:14,  0.79it/s][A

Validation DataLoader 0:  17%|█▋        | 21/126 [00:26<02:13,  0.79it/s][A

Validation DataLoader 0:  17%|█▋        | 22/126 [00:27<02:11,  0.79it/s][A

Validation DataLoader 0:  18%|█▊        | 23/126 [00:29<02:10,  0.79it/s][A

Validation DataLoader 0:  19%|█▉        | 24/126 [00:30<02:09,  0.79it/s][A

Validation DataLoader 0:  20%|█▉        | 25/126 [00:31<02:07,  0.79it/s][A

Validation DataLoader 0:  21%|██        | 26/126 [00:32<02:06,  0.79it/s][A

Validation DataLoader 0:  21%|██▏       | 27/126 [00:34<02:05,  0.79it/s][A

Validation DataLoader 0:  22%|██▏       | 28/126 [00:35<02:04,  0.79it/s][A

Validation DataLoader 0:  23%|██▎       | 29/126 [00:36<02:02,  0.79it/s][A

Validation DataLoader 0:  24%|██▍       | 30/126 [00:38<02:01,  0.79it/s][A

Validation DataLoader 0:  25%|██▍       | 31/126 [00:39<02:00,  0.79it/s][A

Validation DataLoader 0:  25%|██▌       | 32/126 [00:40<01:59,  0.79it/s][A

Validation DataLoader 0:  26%|██▌       | 33/126 [00:41<01:57,  0.79it/s][A

Validation DataLoader 0:  27%|██▋       | 34/126 [00:43<01:56,  0.79it/s][A

Validation DataLoader 0:  28%|██▊       | 35/126 [00:44<01:55,  0.79it/s][A

Validation DataLoader 0:  29%|██▊       | 36/126 [00:45<01:54,  0.79it/s][A

Validation DataLoader 0:  29%|██▉       | 37/126 [00:46<01:52,  0.79it/s][A

Validation DataLoader 0:  30%|███       | 38/126 [00:48<01:51,  0.79it/s][A

Validation DataLoader 0:  31%|███       | 39/126 [00:49<01:50,  0.79it/s][A

Validation DataLoader 0:  32%|███▏      | 40/126 [00:50<01:48,  0.79it/s][A

Validation DataLoader 0:  33%|███▎      | 41/126 [00:51<01:47,  0.79it/s][A

Validation DataLoader 0:  33%|███▎      | 42/126 [00:53<01:46,  0.79it/s][A

Validation DataLoader 0:  34%|███▍      | 43/126 [00:54<01:45,  0.79it/s][A

Validation DataLoader 0:  35%|███▍      | 44/126 [00:55<01:43,  0.79it/s][A

Validation DataLoader 0:  36%|███▌      | 45/126 [00:57<01:42,  0.79it/s][A

Validation DataLoader 0:  37%|███▋      | 46/126 [00:58<01:41,  0.79it/s][A

Validation DataLoader 0:  37%|███▋      | 47/126 [00:59<01:40,  0.79it/s][A

Validation DataLoader 0:  38%|███▊      | 48/126 [01:00<01:38,  0.79it/s][A

Validation DataLoader 0:  39%|███▉      | 49/126 [01:02<01:37,  0.79it/s][A

Validation DataLoader 0:  40%|███▉      | 50/126 [01:03<01:36,  0.79it/s][A

Validation DataLoader 0:  40%|████      | 51/126 [01:04<01:35,  0.79it/s][A

Validation DataLoader 0:  41%|████▏     | 52/126 [01:05<01:33,  0.79it/s][A

Validation DataLoader 0:  42%|████▏     | 53/126 [01:07<01:32,  0.79it/s][A

Validation DataLoader 0:  43%|████▎     | 54/126 [01:08<01:31,  0.79it/s][A

Validation DataLoader 0:  44%|████▎     | 55/126 [01:09<01:29,  0.79it/s][A

Validation DataLoader 0:  44%|████▍     | 56/126 [01:10<01:28,  0.79it/s][A

Validation DataLoader 0:  45%|████▌     | 57/126 [01:12<01:27,  0.79it/s][A

Validation DataLoader 0:  46%|████▌     | 58/126 [01:13<01:26,  0.79it/s][A

Validation DataLoader 0:  47%|████▋     | 59/126 [01:14<01:24,  0.79it/s][A

Validation DataLoader 0:  48%|████▊     | 60/126 [01:16<01:23,  0.79it/s][A

Validation DataLoader 0:  48%|████▊     | 61/126 [01:17<01:22,  0.79it/s][A

Validation DataLoader 0:  49%|████▉     | 62/126 [01:18<01:21,  0.79it/s][A

Validation DataLoader 0:  50%|█████     | 63/126 [01:19<01:19,  0.79it/s][A

Validation DataLoader 0:  51%|█████     | 64/126 [01:21<01:18,  0.79it/s][A

Validation DataLoader 0:  52%|█████▏    | 65/126 [01:22<01:17,  0.79it/s][A

Validation DataLoader 0:  52%|█████▏    | 66/126 [01:23<01:16,  0.79it/s][A

Validation DataLoader 0:  53%|█████▎    | 67/126 [01:24<01:14,  0.79it/s][A

Validation DataLoader 0:  54%|█████▍    | 68/126 [01:26<01:13,  0.79it/s][A

Validation DataLoader 0:  55%|█████▍    | 69/126 [01:27<01:12,  0.79it/s][A

Validation DataLoader 0:  56%|█████▌    | 70/126 [01:28<01:10,  0.79it/s][A

Validation DataLoader 0:  56%|█████▋    | 71/126 [01:29<01:09,  0.79it/s][A

Validation DataLoader 0:  57%|█████▋    | 72/126 [01:31<01:08,  0.79it/s][A

Validation DataLoader 0:  58%|█████▊    | 73/126 [01:32<01:07,  0.79it/s][A

Validation DataLoader 0:  59%|█████▊    | 74/126 [01:33<01:05,  0.79it/s][A

Validation DataLoader 0:  60%|█████▉    | 75/126 [01:35<01:04,  0.79it/s][A

Validation DataLoader 0:  60%|██████    | 76/126 [01:36<01:03,  0.79it/s][A

Validation DataLoader 0:  61%|██████    | 77/126 [01:37<01:02,  0.79it/s][A

Validation DataLoader 0:  62%|██████▏   | 78/126 [01:38<01:00,  0.79it/s][A

Validation DataLoader 0:  63%|██████▎   | 79/126 [01:40<00:59,  0.79it/s][A

Validation DataLoader 0:  63%|██████▎   | 80/126 [01:41<00:58,  0.79it/s][A

Validation DataLoader 0:  64%|██████▍   | 81/126 [01:42<00:57,  0.79it/s][A

Validation DataLoader 0:  65%|██████▌   | 82/126 [01:43<00:55,  0.79it/s][A

Validation DataLoader 0:  66%|██████▌   | 83/126 [01:45<00:54,  0.79it/s][A

Validation DataLoader 0:  67%|██████▋   | 84/126 [01:46<00:53,  0.79it/s][A

Validation DataLoader 0:  67%|██████▋   | 85/126 [01:47<00:51,  0.79it/s][A

Validation DataLoader 0:  68%|██████▊   | 86/126 [01:48<00:50,  0.79it/s][A

Validation DataLoader 0:  69%|██████▉   | 87/126 [01:50<00:49,  0.79it/s][A

Validation DataLoader 0:  70%|██████▉   | 88/126 [01:51<00:48,  0.79it/s][A

Validation DataLoader 0:  71%|███████   | 89/126 [01:52<00:46,  0.79it/s][A

Validation DataLoader 0:  71%|███████▏  | 90/126 [01:53<00:45,  0.79it/s][A

Validation DataLoader 0:  72%|███████▏  | 91/126 [01:55<00:44,  0.79it/s][A

Validation DataLoader 0:  73%|███████▎  | 92/126 [01:56<00:43,  0.79it/s][A

Validation DataLoader 0:  74%|███████▍  | 93/126 [01:57<00:41,  0.79it/s][A

Validation DataLoader 0:  75%|███████▍  | 94/126 [01:59<00:40,  0.79it/s][A

Validation DataLoader 0:  75%|███████▌  | 95/126 [02:00<00:39,  0.79it/s][A

Validation DataLoader 0:  76%|███████▌  | 96/126 [02:01<00:37,  0.79it/s][A

Validation DataLoader 0:  77%|███████▋  | 97/126 [02:02<00:36,  0.79it/s][A

Validation DataLoader 0:  78%|███████▊  | 98/126 [02:04<00:35,  0.79it/s][A

Validation DataLoader 0:  79%|███████▊  | 99/126 [02:05<00:34,  0.79it/s][A

Validation DataLoader 0:  79%|███████▉  | 100/126 [02:06<00:32,  0.79it/s][A

Validation DataLoader 0:  80%|████████  | 101/126 [02:07<00:31,  0.79it/s][A

Validation DataLoader 0:  81%|████████  | 102/126 [02:09<00:30,  0.79it/s][A

Validation DataLoader 0:  82%|████████▏ | 103/126 [02:10<00:29,  0.79it/s][A

Validation DataLoader 0:  83%|████████▎ | 104/126 [02:11<00:27,  0.79it/s][A

Validation DataLoader 0:  83%|████████▎ | 105/126 [02:13<00:26,  0.79it/s][A

Validation DataLoader 0:  84%|████████▍ | 106/126 [02:14<00:25,  0.79it/s][A

Validation DataLoader 0:  85%|████████▍ | 107/126 [02:15<00:24,  0.79it/s][A

Validation DataLoader 0:  86%|████████▌ | 108/126 [02:16<00:22,  0.79it/s][A

Validation DataLoader 0:  87%|████████▋ | 109/126 [02:18<00:21,  0.79it/s][A

Validation DataLoader 0:  87%|████████▋ | 110/126 [02:19<00:20,  0.79it/s][A

Validation DataLoader 0:  88%|████████▊ | 111/126 [02:20<00:18,  0.79it/s][A

Validation DataLoader 0:  89%|████████▉ | 112/126 [02:21<00:17,  0.79it/s][A

Validation DataLoader 0:  90%|████████▉ | 113/126 [02:23<00:16,  0.79it/s][A

Validation DataLoader 0:  90%|█████████ | 114/126 [02:24<00:15,  0.79it/s][A

Validation DataLoader 0:  91%|█████████▏| 115/126 [02:25<00:13,  0.79it/s][A

Validation DataLoader 0:  92%|█████████▏| 116/126 [02:26<00:12,  0.79it/s][A

Validation DataLoader 0:  93%|█████████▎| 117/126 [02:28<00:11,  0.79it/s][A

Validation DataLoader 0:  94%|█████████▎| 118/126 [02:29<00:10,  0.79it/s][A

Validation DataLoader 0:  94%|█████████▍| 119/126 [02:30<00:08,  0.79it/s][A

Validation DataLoader 0:  95%|█████████▌| 120/126 [02:31<00:07,  0.79it/s][A

Validation DataLoader 0:  96%|█████████▌| 121/126 [02:33<00:06,  0.79it/s][A

Validation DataLoader 0:  97%|█████████▋| 122/126 [02:34<00:05,  0.79it/s][A

Validation DataLoader 0:  98%|█████████▊| 123/126 [02:35<00:03,  0.79it/s][A

Validation DataLoader 0:  98%|█████████▊| 124/126 [02:37<00:02,  0.79it/s][A

Validation DataLoader 0:  99%|█████████▉| 125/126 [02:38<00:01,  0.79it/s][A

Validation DataLoader 0: 100%|██████████| 126/126 [02:39<00:00,  0.79it/s][A

                                                                          [A
Epoch 1: 100%|██████████| 164/164 [08:13<00:00,  0.33it/s, v_num=0, train_loss=6.460, val_loss=4.190]
Epoch 1: 100%|██████████| 164/164 [08:13<00:00,  0.33it/s, v_num=0, train_loss=6.460, val_loss=4.190]
Epoch 1:   0%|          | 0/164 [00:00<?, ?it/s, v_num=0, train_loss=6.460, val_loss=4.190]          
Epoch 2:   0%|          | 0/164 [00:00<?, ?it/s, v_num=0, train_loss=6.460, val_loss=4.190]
Epoch 2:   1%|          | 1/164 [00:02<06:42,  0.40it/s, v_num=0, train_loss=6.460, val_loss=4.190]
Epoch 2:   1%|          | 1/164 [00:02<06:58,  0.39it/s, v_num=0, train_loss=3.430, val_loss=4.190]
Epoch 2:   1%|          | 2/164 [00:04<06:00,  0.45it/s, v_num=0, train_loss=3.430, val_loss=4.190]
Epoch 2:   1%|          | 2/164 [00:04<06:08,  0.44it/s, v_num=0, train_loss=4.360, val_loss=4.190]
Epoch 2:   2%|▏         | 3/164 [00:06<05:45,  0.47it/s, v_num=0, train_loss=4.360, val_loss=4.190]
Epoch 2:   2%|▏         | 3/164 [00:06<05:50,  0.46it/s, v_num=0, train_loss=4.540, val_loss=4.190]
Epoch 2:   2%|▏         | 4/164 [00:08<05:36,  0.48it/s, v_num=0, train_loss=4.540, val_loss=4.190]
Epoch 2:   2%|▏         | 4/164 [00:08<05:40,  0.47it/s, v_num=0, train_loss=6.420, val_loss=4.190]
Epoch 2:   3%|▎         | 5/164 [00:10<05:30,  0.48it/s, v_num=0, train_loss=6.420, val_loss=4.190]
Epoch 2:   3%|▎         | 5/164 [00:10<05:33,  0.48it/s, v_num=0, train_loss=4.350, val_loss=4.190]
Epoch 2:   4%|▎         | 6/164 [00:12<05:26,  0.48it/s, v_num=0, train_loss=4.350, val_loss=4.190]
Epoch 2:   4%|▎         | 6/164 [00:12<05:28,  0.48it/s, v_num=0, train_loss=3.190, val_loss=4.190]
Epoch 2:   4%|▍         | 7/164 [00:14<05:22,  0.49it/s, v_num=0, train_loss=3.190, val_loss=4.190]
Epoch 2:   4%|▍         | 7/164 [00:14<05:24,  0.48it/s, v_num=0, train_loss=4.190, val_loss=4.190]
Epoch 2:   5%|▍         | 8/164 [00:16<05:19,  0.49it/s, v_num=0, train_loss=4.190, val_loss=4.190]
Epoch 2:   5%|▍         | 8/164 [00:16<05:21,  0.49it/s, v_num=0, train_loss=3.620, val_loss=4.190]
Epoch 2:   5%|▌         | 9/164 [00:18<05:16,  0.49it/s, v_num=0, train_loss=3.620, val_loss=4.190]
Epoch 2:   5%|▌         | 9/164 [00:18<05:18,  0.49it/s, v_num=0, train_loss=6.070, val_loss=4.190]
Epoch 2:   6%|▌         | 10/164 [00:20<05:14,  0.49it/s, v_num=0, train_loss=6.070, val_loss=4.190]
Epoch 2:   6%|▌         | 10/164 [00:20<05:15,  0.49it/s, v_num=0, train_loss=6.330, val_loss=4.190]
Epoch 2:   7%|▋         | 11/164 [00:22<05:11,  0.49it/s, v_num=0, train_loss=6.330, val_loss=4.190]
Epoch 2:   7%|▋         | 11/164 [00:22<05:13,  0.49it/s, v_num=0, train_loss=3.660, val_loss=4.190]
Epoch 2:   7%|▋         | 12/164 [00:24<05:09,  0.49it/s, v_num=0, train_loss=3.660, val_loss=4.190]
Epoch 2:   7%|▋         | 12/164 [00:24<05:10,  0.49it/s, v_num=0, train_loss=5.980, val_loss=4.190]
Epoch 2:   8%|▊         | 13/164 [00:26<05:07,  0.49it/s, v_num=0, train_loss=5.980, val_loss=4.190]
Epoch 2:   8%|▊         | 13/164 [00:26<05:08,  0.49it/s, v_num=0, train_loss=3.450, val_loss=4.190]
Epoch 2:   9%|▊         | 14/164 [00:28<05:05,  0.49it/s, v_num=0, train_loss=3.450, val_loss=4.190]
Epoch 2:   9%|▊         | 14/164 [00:28<05:06,  0.49it/s, v_num=0, train_loss=4.180, val_loss=4.190]
Epoch 2:   9%|▉         | 15/164 [00:30<05:03,  0.49it/s, v_num=0, train_loss=4.180, val_loss=4.190]
Epoch 2:   9%|▉         | 15/164 [00:30<05:04,  0.49it/s, v_num=0, train_loss=5.890, val_loss=4.190]
Epoch 2:  10%|▉         | 16/164 [00:32<05:01,  0.49it/s, v_num=0, train_loss=5.890, val_loss=4.190]
Epoch 2:  10%|▉         | 16/164 [00:32<05:01,  0.49it/s, v_num=0, train_loss=4.160, val_loss=4.190]
Epoch 2:  10%|█         | 17/164 [00:34<04:58,  0.49it/s, v_num=0, train_loss=4.160, val_loss=4.190]
Epoch 2:  10%|█         | 17/164 [00:34<04:59,  0.49it/s, v_num=0, train_loss=4.670, val_loss=4.190]
Epoch 2:  11%|█         | 18/164 [00:36<04:56,  0.49it/s, v_num=0, train_loss=4.670, val_loss=4.190]
Epoch 2:  11%|█         | 18/164 [00:36<04:57,  0.49it/s, v_num=0, train_loss=5.180, val_loss=4.190]
Epoch 2:  12%|█▏        | 19/164 [00:38<04:54,  0.49it/s, v_num=0, train_loss=5.180, val_loss=4.190]
Epoch 2:  12%|█▏        | 19/164 [00:38<04:55,  0.49it/s, v_num=0, train_loss=4.050, val_loss=4.190]
Epoch 2:  12%|█▏        | 20/164 [00:40<04:52,  0.49it/s, v_num=0, train_loss=4.050, val_loss=4.190]
Epoch 2:  12%|█▏        | 20/164 [00:40<04:53,  0.49it/s, v_num=0, train_loss=5.350, val_loss=4.190]
Epoch 2:  13%|█▎        | 21/164 [00:42<04:50,  0.49it/s, v_num=0, train_loss=5.350, val_loss=4.190]
Epoch 2:  13%|█▎        | 21/164 [00:42<04:51,  0.49it/s, v_num=0, train_loss=6.290, val_loss=4.190]
Epoch 2:  13%|█▎        | 22/164 [00:44<04:48,  0.49it/s, v_num=0, train_loss=6.290, val_loss=4.190]
Epoch 2:  13%|█▎        | 22/164 [00:44<04:49,  0.49it/s, v_num=0, train_loss=3.800, val_loss=4.190]
Epoch 2:  14%|█▍        | 23/164 [00:46<04:46,  0.49it/s, v_num=0, train_loss=3.800, val_loss=4.190]
Epoch 2:  14%|█▍        | 23/164 [00:46<04:47,  0.49it/s, v_num=0, train_loss=4.290, val_loss=4.190]
Epoch 2:  15%|█▍        | 24/164 [00:48<04:44,  0.49it/s, v_num=0, train_loss=4.290, val_loss=4.190]
Epoch 2:  15%|█▍        | 24/164 [00:48<04:45,  0.49it/s, v_num=0, train_loss=3.790, val_loss=4.190]
Epoch 2:  15%|█▌        | 25/164 [00:50<04:42,  0.49it/s, v_num=0, train_loss=3.790, val_loss=4.190]
Epoch 2:  15%|█▌        | 25/164 [00:50<04:43,  0.49it/s, v_num=0, train_loss=3.530, val_loss=4.190]
Epoch 2:  16%|█▌        | 26/164 [00:52<04:40,  0.49it/s, v_num=0, train_loss=3.530, val_loss=4.190]
Epoch 2:  16%|█▌        | 26/164 [00:52<04:41,  0.49it/s, v_num=0, train_loss=5.770, val_loss=4.190]
Epoch 2:  16%|█▋        | 27/164 [00:54<04:38,  0.49it/s, v_num=0, train_loss=5.770, val_loss=4.190]
Epoch 2:  16%|█▋        | 27/164 [00:54<04:38,  0.49it/s, v_num=0, train_loss=4.900, val_loss=4.190]
Epoch 2:  17%|█▋        | 28/164 [00:56<04:36,  0.49it/s, v_num=0, train_loss=4.900, val_loss=4.190]
Epoch 2:  17%|█▋        | 28/164 [00:57<04:36,  0.49it/s, v_num=0, train_loss=3.380, val_loss=4.190]
Epoch 2:  18%|█▊        | 29/164 [00:58<04:34,  0.49it/s, v_num=0, train_loss=3.380, val_loss=4.190]
Epoch 2:  18%|█▊        | 29/164 [00:59<04:34,  0.49it/s, v_num=0, train_loss=3.500, val_loss=4.190]
Epoch 2:  18%|█▊        | 30/164 [01:00<04:32,  0.49it/s, v_num=0, train_loss=3.500, val_loss=4.190]
Epoch 2:  18%|█▊        | 30/164 [01:01<04:32,  0.49it/s, v_num=0, train_loss=5.070, val_loss=4.190]
Epoch 2:  19%|█▉        | 31/164 [01:03<04:30,  0.49it/s, v_num=0, train_loss=5.070, val_loss=4.190]
Epoch 2:  19%|█▉        | 31/164 [01:03<04:30,  0.49it/s, v_num=0, train_loss=3.810, val_loss=4.190]
Epoch 2:  20%|█▉        | 32/164 [01:05<04:28,  0.49it/s, v_num=0, train_loss=3.810, val_loss=4.190]
Epoch 2:  20%|█▉        | 32/164 [01:05<04:28,  0.49it/s, v_num=0, train_loss=4.110, val_loss=4.190]
Epoch 2:  20%|██        | 33/164 [01:07<04:26,  0.49it/s, v_num=0, train_loss=4.110, val_loss=4.190]
Epoch 2:  20%|██        | 33/164 [01:07<04:26,  0.49it/s, v_num=0, train_loss=6.390, val_loss=4.190]
Epoch 2:  21%|██        | 34/164 [01:09<04:24,  0.49it/s, v_num=0, train_loss=6.390, val_loss=4.190]
Epoch 2:  21%|██        | 34/164 [01:09<04:24,  0.49it/s, v_num=0, train_loss=4.080, val_loss=4.190]
Epoch 2:  21%|██▏       | 35/164 [01:11<04:22,  0.49it/s, v_num=0, train_loss=4.080, val_loss=4.190]
Epoch 2:  21%|██▏       | 35/164 [01:11<04:22,  0.49it/s, v_num=0, train_loss=3.880, val_loss=4.190]
Epoch 2:  22%|██▏       | 36/164 [01:13<04:20,  0.49it/s, v_num=0, train_loss=3.880, val_loss=4.190]
Epoch 2:  22%|██▏       | 36/164 [01:13<04:20,  0.49it/s, v_num=0, train_loss=6.340, val_loss=4.190]
Epoch 2:  23%|██▎       | 37/164 [01:15<04:18,  0.49it/s, v_num=0, train_loss=6.340, val_loss=4.190]
Epoch 2:  23%|██▎       | 37/164 [01:15<04:18,  0.49it/s, v_num=0, train_loss=4.180, val_loss=4.190]
Epoch 2:  23%|██▎       | 38/164 [01:17<04:16,  0.49it/s, v_num=0, train_loss=4.180, val_loss=4.190]
Epoch 2:  23%|██▎       | 38/164 [01:17<04:16,  0.49it/s, v_num=0, train_loss=5.870, val_loss=4.190]
Epoch 2:  24%|██▍       | 39/164 [01:19<04:14,  0.49it/s, v_num=0, train_loss=5.870, val_loss=4.190]
Epoch 2:  24%|██▍       | 39/164 [01:19<04:14,  0.49it/s, v_num=0, train_loss=3.750, val_loss=4.190]
Epoch 2:  24%|██▍       | 40/164 [01:21<04:12,  0.49it/s, v_num=0, train_loss=3.750, val_loss=4.190]
Epoch 2:  24%|██▍       | 40/164 [01:21<04:12,  0.49it/s, v_num=0, train_loss=6.630, val_loss=4.190]
Epoch 2:  25%|██▌       | 41/164 [01:23<04:10,  0.49it/s, v_num=0, train_loss=6.630, val_loss=4.190]
Epoch 2:  25%|██▌       | 41/164 [01:23<04:10,  0.49it/s, v_num=0, train_loss=3.990, val_loss=4.190]
Epoch 2:  26%|██▌       | 42/164 [01:25<04:08,  0.49it/s, v_num=0, train_loss=3.990, val_loss=4.190]
Epoch 2:  26%|██▌       | 42/164 [01:25<04:08,  0.49it/s, v_num=0, train_loss=4.350, val_loss=4.190]
Epoch 2:  26%|██▌       | 43/164 [01:27<04:06,  0.49it/s, v_num=0, train_loss=4.350, val_loss=4.190]
Epoch 2:  26%|██▌       | 43/164 [01:27<04:06,  0.49it/s, v_num=0, train_loss=3.910, val_loss=4.190]
Epoch 2:  27%|██▋       | 44/164 [01:29<04:04,  0.49it/s, v_num=0, train_loss=3.910, val_loss=4.190]
Epoch 2:  27%|██▋       | 44/164 [01:29<04:04,  0.49it/s, v_num=0, train_loss=6.000, val_loss=4.190]
Epoch 2:  27%|██▋       | 45/164 [01:31<04:02,  0.49it/s, v_num=0, train_loss=6.000, val_loss=4.190]
Epoch 2:  27%|██▋       | 45/164 [01:31<04:02,  0.49it/s, v_num=0, train_loss=3.830, val_loss=4.190]
Epoch 2:  28%|██▊       | 46/164 [01:33<04:00,  0.49it/s, v_num=0, train_loss=3.830, val_loss=4.190]
Epoch 2:  28%|██▊       | 46/164 [01:33<04:00,  0.49it/s, v_num=0, train_loss=2.960, val_loss=4.190]
Epoch 2:  29%|██▊       | 47/164 [01:35<03:58,  0.49it/s, v_num=0, train_loss=2.960, val_loss=4.190]
Epoch 2:  29%|██▊       | 47/164 [01:35<03:58,  0.49it/s, v_num=0, train_loss=5.300, val_loss=4.190]
Epoch 2:  29%|██▉       | 48/164 [01:37<03:56,  0.49it/s, v_num=0, train_loss=5.300, val_loss=4.190]
Epoch 2:  29%|██▉       | 48/164 [01:37<03:56,  0.49it/s, v_num=0, train_loss=3.440, val_loss=4.190]
Epoch 2:  30%|██▉       | 49/164 [01:39<03:54,  0.49it/s, v_num=0, train_loss=3.440, val_loss=4.190]
Epoch 2:  30%|██▉       | 49/164 [01:39<03:54,  0.49it/s, v_num=0, train_loss=3.570, val_loss=4.190]
Epoch 2:  30%|███       | 50/164 [01:41<03:52,  0.49it/s, v_num=0, train_loss=3.570, val_loss=4.190]
Epoch 2:  30%|███       | 50/164 [01:41<03:52,  0.49it/s, v_num=0, train_loss=4.500, val_loss=4.190]
Epoch 2:  31%|███       | 51/164 [01:43<03:50,  0.49it/s, v_num=0, train_loss=4.500, val_loss=4.190]
Epoch 2:  31%|███       | 51/164 [01:43<03:50,  0.49it/s, v_num=0, train_loss=3.430, val_loss=4.190]
Epoch 2:  32%|███▏      | 52/164 [01:45<03:48,  0.49it/s, v_num=0, train_loss=3.430, val_loss=4.190]
Epoch 2:  32%|███▏      | 52/164 [01:45<03:48,  0.49it/s, v_num=0, train_loss=6.010, val_loss=4.190]
Epoch 2:  32%|███▏      | 53/164 [01:47<03:45,  0.49it/s, v_num=0, train_loss=6.010, val_loss=4.190]
Epoch 2:  32%|███▏      | 53/164 [01:48<03:46,  0.49it/s, v_num=0, train_loss=4.550, val_loss=4.190]
Epoch 2:  33%|███▎      | 54/164 [01:49<03:43,  0.49it/s, v_num=0, train_loss=4.550, val_loss=4.190]
Epoch 2:  33%|███▎      | 54/164 [01:50<03:44,  0.49it/s, v_num=0, train_loss=3.550, val_loss=4.190]
Epoch 2:  34%|███▎      | 55/164 [01:51<03:41,  0.49it/s, v_num=0, train_loss=3.550, val_loss=4.190]
Epoch 2:  34%|███▎      | 55/164 [01:52<03:42,  0.49it/s, v_num=0, train_loss=4.360, val_loss=4.190]
Epoch 2:  34%|███▍      | 56/164 [01:54<03:39,  0.49it/s, v_num=0, train_loss=4.360, val_loss=4.190]
Epoch 2:  34%|███▍      | 56/164 [01:54<03:40,  0.49it/s, v_num=0, train_loss=5.860, val_loss=4.190]
Epoch 2:  35%|███▍      | 57/164 [01:56<03:37,  0.49it/s, v_num=0, train_loss=5.860, val_loss=4.190]
Epoch 2:  35%|███▍      | 57/164 [01:56<03:38,  0.49it/s, v_num=0, train_loss=4.030, val_loss=4.190]
Epoch 2:  35%|███▌      | 58/164 [01:58<03:35,  0.49it/s, v_num=0, train_loss=4.030, val_loss=4.190]
Epoch 2:  35%|███▌      | 58/164 [01:58<03:36,  0.49it/s, v_num=0, train_loss=4.420, val_loss=4.190]
Epoch 2:  36%|███▌      | 59/164 [02:00<03:33,  0.49it/s, v_num=0, train_loss=4.420, val_loss=4.190]
Epoch 2:  36%|███▌      | 59/164 [02:00<03:34,  0.49it/s, v_num=0, train_loss=3.820, val_loss=4.190]
Epoch 2:  37%|███▋      | 60/164 [02:02<03:31,  0.49it/s, v_num=0, train_loss=3.820, val_loss=4.190]
Epoch 2:  37%|███▋      | 60/164 [02:02<03:31,  0.49it/s, v_num=0, train_loss=5.370, val_loss=4.190]
Epoch 2:  37%|███▋      | 61/164 [02:04<03:29,  0.49it/s, v_num=0, train_loss=5.370, val_loss=4.190]
Epoch 2:  37%|███▋      | 61/164 [02:04<03:29,  0.49it/s, v_num=0, train_loss=6.330, val_loss=4.190]
Epoch 2:  38%|███▊      | 62/164 [02:06<03:27,  0.49it/s, v_num=0, train_loss=6.330, val_loss=4.190]
Epoch 2:  38%|███▊      | 62/164 [02:06<03:27,  0.49it/s, v_num=0, train_loss=3.690, val_loss=4.190]
Epoch 2:  38%|███▊      | 63/164 [02:08<03:25,  0.49it/s, v_num=0, train_loss=3.690, val_loss=4.190]
Epoch 2:  38%|███▊      | 63/164 [02:08<03:25,  0.49it/s, v_num=0, train_loss=5.960, val_loss=4.190]
Epoch 2:  39%|███▉      | 64/164 [02:10<03:23,  0.49it/s, v_num=0, train_loss=5.960, val_loss=4.190]
Epoch 2:  39%|███▉      | 64/164 [02:10<03:23,  0.49it/s, v_num=0, train_loss=4.030, val_loss=4.190]
Epoch 2:  40%|███▉      | 65/164 [02:12<03:21,  0.49it/s, v_num=0, train_loss=4.030, val_loss=4.190]
Epoch 2:  40%|███▉      | 65/164 [02:12<03:21,  0.49it/s, v_num=0, train_loss=3.680, val_loss=4.190]
Epoch 2:  40%|████      | 66/164 [02:14<03:19,  0.49it/s, v_num=0, train_loss=3.680, val_loss=4.190]
Epoch 2:  40%|████      | 66/164 [02:14<03:19,  0.49it/s, v_num=0, train_loss=3.960, val_loss=4.190]
Epoch 2:  41%|████      | 67/164 [02:16<03:17,  0.49it/s, v_num=0, train_loss=3.960, val_loss=4.190]
Epoch 2:  41%|████      | 67/164 [02:16<03:17,  0.49it/s, v_num=0, train_loss=3.110, val_loss=4.190]
Epoch 2:  41%|████▏     | 68/164 [02:18<03:15,  0.49it/s, v_num=0, train_loss=3.110, val_loss=4.190]
Epoch 2:  41%|████▏     | 68/164 [02:18<03:15,  0.49it/s, v_num=0, train_loss=3.890, val_loss=4.190]
Epoch 2:  42%|████▏     | 69/164 [02:20<03:13,  0.49it/s, v_num=0, train_loss=3.890, val_loss=4.190]
Epoch 2:  42%|████▏     | 69/164 [02:20<03:13,  0.49it/s, v_num=0, train_loss=6.410, val_loss=4.190]
Epoch 2:  43%|████▎     | 70/164 [02:22<03:11,  0.49it/s, v_num=0, train_loss=6.410, val_loss=4.190]
Epoch 2:  43%|████▎     | 70/164 [02:22<03:11,  0.49it/s, v_num=0, train_loss=3.860, val_loss=4.190]
Epoch 2:  43%|████▎     | 71/164 [02:24<03:09,  0.49it/s, v_num=0, train_loss=3.860, val_loss=4.190]
Epoch 2:  43%|████▎     | 71/164 [02:24<03:09,  0.49it/s, v_num=0, train_loss=5.810, val_loss=4.190]
Epoch 2:  44%|████▍     | 72/164 [02:26<03:07,  0.49it/s, v_num=0, train_loss=5.810, val_loss=4.190]
Epoch 2:  44%|████▍     | 72/164 [02:26<03:07,  0.49it/s, v_num=0, train_loss=4.630, val_loss=4.190]
Epoch 2:  45%|████▍     | 73/164 [02:28<03:05,  0.49it/s, v_num=0, train_loss=4.630, val_loss=4.190]
Epoch 2:  45%|████▍     | 73/164 [02:28<03:05,  0.49it/s, v_num=0, train_loss=3.600, val_loss=4.190]
Epoch 2:  45%|████▌     | 74/164 [02:30<03:03,  0.49it/s, v_num=0, train_loss=3.600, val_loss=4.190]
Epoch 2:  45%|████▌     | 74/164 [02:30<03:03,  0.49it/s, v_num=0, train_loss=3.800, val_loss=4.190]
Epoch 2:  46%|████▌     | 75/164 [02:32<03:01,  0.49it/s, v_num=0, train_loss=3.800, val_loss=4.190]
Epoch 2:  46%|████▌     | 75/164 [02:32<03:01,  0.49it/s, v_num=0, train_loss=3.650, val_loss=4.190]
Epoch 2:  46%|████▋     | 76/164 [02:34<02:59,  0.49it/s, v_num=0, train_loss=3.650, val_loss=4.190]
Epoch 2:  46%|████▋     | 76/164 [02:34<02:59,  0.49it/s, v_num=0, train_loss=3.720, val_loss=4.190]
Epoch 2:  47%|████▋     | 77/164 [02:36<02:57,  0.49it/s, v_num=0, train_loss=3.720, val_loss=4.190]
Epoch 2:  47%|████▋     | 77/164 [02:37<02:57,  0.49it/s, v_num=0, train_loss=3.870, val_loss=4.190]
Epoch 2:  48%|████▊     | 78/164 [02:38<02:55,  0.49it/s, v_num=0, train_loss=3.870, val_loss=4.190]
Epoch 2:  48%|████▊     | 78/164 [02:39<02:55,  0.49it/s, v_num=0, train_loss=5.690, val_loss=4.190]
Epoch 2:  48%|████▊     | 79/164 [02:41<02:53,  0.49it/s, v_num=0, train_loss=5.690, val_loss=4.190]
Epoch 2:  48%|████▊     | 79/164 [02:41<02:53,  0.49it/s, v_num=0, train_loss=4.350, val_loss=4.190]
Epoch 2:  49%|████▉     | 80/164 [02:43<02:51,  0.49it/s, v_num=0, train_loss=4.350, val_loss=4.190]
Epoch 2:  49%|████▉     | 80/164 [02:43<02:51,  0.49it/s, v_num=0, train_loss=3.050, val_loss=4.190]
Epoch 2:  49%|████▉     | 81/164 [02:45<02:49,  0.49it/s, v_num=0, train_loss=3.050, val_loss=4.190]
Epoch 2:  49%|████▉     | 81/164 [02:45<02:49,  0.49it/s, v_num=0, train_loss=5.670, val_loss=4.190]
Epoch 2:  50%|█████     | 82/164 [02:47<02:47,  0.49it/s, v_num=0, train_loss=5.670, val_loss=4.190]
Epoch 2:  50%|█████     | 82/164 [02:47<02:47,  0.49it/s, v_num=0, train_loss=5.290, val_loss=4.190]
Epoch 2:  51%|█████     | 83/164 [02:49<02:45,  0.49it/s, v_num=0, train_loss=5.290, val_loss=4.190]
Epoch 2:  51%|█████     | 83/164 [02:49<02:45,  0.49it/s, v_num=0, train_loss=4.080, val_loss=4.190]
Epoch 2:  51%|█████     | 84/164 [02:51<02:43,  0.49it/s, v_num=0, train_loss=4.080, val_loss=4.190]
Epoch 2:  51%|█████     | 84/164 [02:51<02:43,  0.49it/s, v_num=0, train_loss=4.080, val_loss=4.190]
Epoch 2:  52%|█████▏    | 85/164 [02:53<02:41,  0.49it/s, v_num=0, train_loss=4.080, val_loss=4.190]
Epoch 2:  52%|█████▏    | 85/164 [02:53<02:41,  0.49it/s, v_num=0, train_loss=3.640, val_loss=4.190]
Epoch 2:  52%|█████▏    | 86/164 [02:55<02:38,  0.49it/s, v_num=0, train_loss=3.640, val_loss=4.190]
Epoch 2:  52%|█████▏    | 86/164 [02:55<02:39,  0.49it/s, v_num=0, train_loss=4.190, val_loss=4.190]
Epoch 2:  53%|█████▎    | 87/164 [02:57<02:36,  0.49it/s, v_num=0, train_loss=4.190, val_loss=4.190]
Epoch 2:  53%|█████▎    | 87/164 [02:57<02:37,  0.49it/s, v_num=0, train_loss=2.770, val_loss=4.190]
Epoch 2:  54%|█████▎    | 88/164 [02:59<02:34,  0.49it/s, v_num=0, train_loss=2.770, val_loss=4.190]
Epoch 2:  54%|█████▎    | 88/164 [02:59<02:35,  0.49it/s, v_num=0, train_loss=3.830, val_loss=4.190]
Epoch 2:  54%|█████▍    | 89/164 [03:01<02:32,  0.49it/s, v_num=0, train_loss=3.830, val_loss=4.190]
Epoch 2:  54%|█████▍    | 89/164 [03:01<02:32,  0.49it/s, v_num=0, train_loss=4.520, val_loss=4.190]
Epoch 2:  55%|█████▍    | 90/164 [03:03<02:30,  0.49it/s, v_num=0, train_loss=4.520, val_loss=4.190]
Epoch 2:  55%|█████▍    | 90/164 [03:03<02:30,  0.49it/s, v_num=0, train_loss=4.270, val_loss=4.190]
Epoch 2:  55%|█████▌    | 91/164 [03:05<02:28,  0.49it/s, v_num=0, train_loss=4.270, val_loss=4.190]
Epoch 2:  55%|█████▌    | 91/164 [03:05<02:28,  0.49it/s, v_num=0, train_loss=3.920, val_loss=4.190]
Epoch 2:  56%|█████▌    | 92/164 [03:07<02:26,  0.49it/s, v_num=0, train_loss=3.920, val_loss=4.190]
Epoch 2:  56%|█████▌    | 92/164 [03:07<02:26,  0.49it/s, v_num=0, train_loss=5.930, val_loss=4.190]
Epoch 2:  57%|█████▋    | 93/164 [03:09<02:24,  0.49it/s, v_num=0, train_loss=5.930, val_loss=4.190]
Epoch 2:  57%|█████▋    | 93/164 [03:09<02:24,  0.49it/s, v_num=0, train_loss=3.670, val_loss=4.190]
Epoch 2:  57%|█████▋    | 94/164 [03:11<02:22,  0.49it/s, v_num=0, train_loss=3.670, val_loss=4.190]
Epoch 2:  57%|█████▋    | 94/164 [03:11<02:22,  0.49it/s, v_num=0, train_loss=3.730, val_loss=4.190]
Epoch 2:  58%|█████▊    | 95/164 [03:13<02:20,  0.49it/s, v_num=0, train_loss=3.730, val_loss=4.190]
Epoch 2:  58%|█████▊    | 95/164 [03:13<02:20,  0.49it/s, v_num=0, train_loss=2.840, val_loss=4.190]
Epoch 2:  59%|█████▊    | 96/164 [03:15<02:18,  0.49it/s, v_num=0, train_loss=2.840, val_loss=4.190]
Epoch 2:  59%|█████▊    | 96/164 [03:15<02:18,  0.49it/s, v_num=0, train_loss=3.550, val_loss=4.190]
Epoch 2:  59%|█████▉    | 97/164 [03:17<02:16,  0.49it/s, v_num=0, train_loss=3.550, val_loss=4.190]
Epoch 2:  59%|█████▉    | 97/164 [03:17<02:16,  0.49it/s, v_num=0, train_loss=6.190, val_loss=4.190]
Epoch 2:  60%|█████▉    | 98/164 [03:19<02:14,  0.49it/s, v_num=0, train_loss=6.190, val_loss=4.190]
Epoch 2:  60%|█████▉    | 98/164 [03:19<02:14,  0.49it/s, v_num=0, train_loss=3.360, val_loss=4.190]
Epoch 2:  60%|██████    | 99/164 [03:21<02:12,  0.49it/s, v_num=0, train_loss=3.360, val_loss=4.190]
Epoch 2:  60%|██████    | 99/164 [03:21<02:12,  0.49it/s, v_num=0, train_loss=3.720, val_loss=4.190]
Epoch 2:  61%|██████    | 100/164 [03:23<02:10,  0.49it/s, v_num=0, train_loss=3.720, val_loss=4.190]
Epoch 2:  61%|██████    | 100/164 [03:23<02:10,  0.49it/s, v_num=0, train_loss=3.830, val_loss=4.190]
Epoch 2:  62%|██████▏   | 101/164 [03:25<02:08,  0.49it/s, v_num=0, train_loss=3.830, val_loss=4.190]
Epoch 2:  62%|██████▏   | 101/164 [03:26<02:08,  0.49it/s, v_num=0, train_loss=4.350, val_loss=4.190]
Epoch 2:  62%|██████▏   | 102/164 [03:27<02:06,  0.49it/s, v_num=0, train_loss=4.350, val_loss=4.190]
Epoch 2:  62%|██████▏   | 102/164 [03:28<02:06,  0.49it/s, v_num=0, train_loss=6.420, val_loss=4.190]
Epoch 2:  63%|██████▎   | 103/164 [03:29<02:04,  0.49it/s, v_num=0, train_loss=6.420, val_loss=4.190]
Epoch 2:  63%|██████▎   | 103/164 [03:30<02:04,  0.49it/s, v_num=0, train_loss=5.280, val_loss=4.190]
Epoch 2:  63%|██████▎   | 104/164 [03:32<02:02,  0.49it/s, v_num=0, train_loss=5.280, val_loss=4.190]
Epoch 2:  63%|██████▎   | 104/164 [03:32<02:02,  0.49it/s, v_num=0, train_loss=3.990, val_loss=4.190]
Epoch 2:  64%|██████▍   | 105/164 [03:34<02:00,  0.49it/s, v_num=0, train_loss=3.990, val_loss=4.190]
Epoch 2:  64%|██████▍   | 105/164 [03:34<02:00,  0.49it/s, v_num=0, train_loss=4.260, val_loss=4.190]
Epoch 2:  65%|██████▍   | 106/164 [03:36<01:58,  0.49it/s, v_num=0, train_loss=4.260, val_loss=4.190]
Epoch 2:  65%|██████▍   | 106/164 [03:36<01:58,  0.49it/s, v_num=0, train_loss=3.550, val_loss=4.190]
Epoch 2:  65%|██████▌   | 107/164 [03:38<01:56,  0.49it/s, v_num=0, train_loss=3.550, val_loss=4.190]
Epoch 2:  65%|██████▌   | 107/164 [03:38<01:56,  0.49it/s, v_num=0, train_loss=5.850, val_loss=4.190]
Epoch 2:  66%|██████▌   | 108/164 [03:40<01:54,  0.49it/s, v_num=0, train_loss=5.850, val_loss=4.190]
Epoch 2:  66%|██████▌   | 108/164 [03:40<01:54,  0.49it/s, v_num=0, train_loss=3.630, val_loss=4.190]
Epoch 2:  66%|██████▋   | 109/164 [03:42<01:52,  0.49it/s, v_num=0, train_loss=3.630, val_loss=4.190]
Epoch 2:  66%|██████▋   | 109/164 [03:42<01:52,  0.49it/s, v_num=0, train_loss=3.070, val_loss=4.190]
Epoch 2:  67%|██████▋   | 110/164 [03:44<01:50,  0.49it/s, v_num=0, train_loss=3.070, val_loss=4.190]
Epoch 2:  67%|██████▋   | 110/164 [03:44<01:50,  0.49it/s, v_num=0, train_loss=4.440, val_loss=4.190]
Epoch 2:  68%|██████▊   | 111/164 [03:46<01:48,  0.49it/s, v_num=0, train_loss=4.440, val_loss=4.190]
Epoch 2:  68%|██████▊   | 111/164 [03:46<01:48,  0.49it/s, v_num=0, train_loss=4.470, val_loss=4.190]
Epoch 2:  68%|██████▊   | 112/164 [03:48<01:46,  0.49it/s, v_num=0, train_loss=4.470, val_loss=4.190]
Epoch 2:  68%|██████▊   | 112/164 [03:48<01:46,  0.49it/s, v_num=0, train_loss=3.120, val_loss=4.190]
Epoch 2:  69%|██████▉   | 113/164 [03:50<01:43,  0.49it/s, v_num=0, train_loss=3.120, val_loss=4.190]
Epoch 2:  69%|██████▉   | 113/164 [03:50<01:44,  0.49it/s, v_num=0, train_loss=3.440, val_loss=4.190]
Epoch 2:  70%|██████▉   | 114/164 [03:52<01:41,  0.49it/s, v_num=0, train_loss=3.440, val_loss=4.190]
Epoch 2:  70%|██████▉   | 114/164 [03:52<01:41,  0.49it/s, v_num=0, train_loss=6.160, val_loss=4.190]
Epoch 2:  70%|███████   | 115/164 [03:54<01:39,  0.49it/s, v_num=0, train_loss=6.160, val_loss=4.190]
Epoch 2:  70%|███████   | 115/164 [03:54<01:39,  0.49it/s, v_num=0, train_loss=6.190, val_loss=4.190]
Epoch 2:  71%|███████   | 116/164 [03:56<01:37,  0.49it/s, v_num=0, train_loss=6.190, val_loss=4.190]
Epoch 2:  71%|███████   | 116/164 [03:56<01:37,  0.49it/s, v_num=0, train_loss=2.990, val_loss=4.190]
Epoch 2:  71%|███████▏  | 117/164 [03:58<01:35,  0.49it/s, v_num=0, train_loss=2.990, val_loss=4.190]
Epoch 2:  71%|███████▏  | 117/164 [03:58<01:35,  0.49it/s, v_num=0, train_loss=3.090, val_loss=4.190]
Epoch 2:  72%|███████▏  | 118/164 [04:00<01:33,  0.49it/s, v_num=0, train_loss=3.090, val_loss=4.190]
Epoch 2:  72%|███████▏  | 118/164 [04:00<01:33,  0.49it/s, v_num=0, train_loss=5.860, val_loss=4.190]
Epoch 2:  73%|███████▎  | 119/164 [04:02<01:31,  0.49it/s, v_num=0, train_loss=5.860, val_loss=4.190]
Epoch 2:  73%|███████▎  | 119/164 [04:02<01:31,  0.49it/s, v_num=0, train_loss=2.600, val_loss=4.190]
Epoch 2:  73%|███████▎  | 120/164 [04:04<01:29,  0.49it/s, v_num=0, train_loss=2.600, val_loss=4.190]
Epoch 2:  73%|███████▎  | 120/164 [04:04<01:29,  0.49it/s, v_num=0, train_loss=3.680, val_loss=4.190]
Epoch 2:  74%|███████▍  | 121/164 [04:06<01:27,  0.49it/s, v_num=0, train_loss=3.680, val_loss=4.190]
Epoch 2:  74%|███████▍  | 121/164 [04:06<01:27,  0.49it/s, v_num=0, train_loss=5.630, val_loss=4.190]
Epoch 2:  74%|███████▍  | 122/164 [04:08<01:25,  0.49it/s, v_num=0, train_loss=5.630, val_loss=4.190]
Epoch 2:  74%|███████▍  | 122/164 [04:08<01:25,  0.49it/s, v_num=0, train_loss=6.300, val_loss=4.190]
Epoch 2:  75%|███████▌  | 123/164 [04:10<01:23,  0.49it/s, v_num=0, train_loss=6.300, val_loss=4.190]
Epoch 2:  75%|███████▌  | 123/164 [04:10<01:23,  0.49it/s, v_num=0, train_loss=6.000, val_loss=4.190]
Epoch 2:  76%|███████▌  | 124/164 [04:12<01:21,  0.49it/s, v_num=0, train_loss=6.000, val_loss=4.190]
Epoch 2:  76%|███████▌  | 124/164 [04:12<01:21,  0.49it/s, v_num=0, train_loss=3.830, val_loss=4.190]
Epoch 2:  76%|███████▌  | 125/164 [04:14<01:19,  0.49it/s, v_num=0, train_loss=3.830, val_loss=4.190]
Epoch 2:  76%|███████▌  | 125/164 [04:14<01:19,  0.49it/s, v_num=0, train_loss=3.500, val_loss=4.190]
Epoch 2:  77%|███████▋  | 126/164 [04:16<01:17,  0.49it/s, v_num=0, train_loss=3.500, val_loss=4.190]
Epoch 2:  77%|███████▋  | 126/164 [04:16<01:17,  0.49it/s, v_num=0, train_loss=4.530, val_loss=4.190]
Epoch 2:  77%|███████▋  | 127/164 [04:18<01:15,  0.49it/s, v_num=0, train_loss=4.530, val_loss=4.190]
Epoch 2:  77%|███████▋  | 127/164 [04:19<01:15,  0.49it/s, v_num=0, train_loss=3.560, val_loss=4.190]
Epoch 2:  78%|███████▊  | 128/164 [04:20<01:13,  0.49it/s, v_num=0, train_loss=3.560, val_loss=4.190]
Epoch 2:  78%|███████▊  | 128/164 [04:21<01:13,  0.49it/s, v_num=0, train_loss=4.090, val_loss=4.190]
Epoch 2:  79%|███████▊  | 129/164 [04:22<01:11,  0.49it/s, v_num=0, train_loss=4.090, val_loss=4.190]
Epoch 2:  79%|███████▊  | 129/164 [04:23<01:11,  0.49it/s, v_num=0, train_loss=3.940, val_loss=4.190]
Epoch 2:  79%|███████▉  | 130/164 [04:25<01:09,  0.49it/s, v_num=0, train_loss=3.940, val_loss=4.190]
Epoch 2:  79%|███████▉  | 130/164 [04:25<01:09,  0.49it/s, v_num=0, train_loss=3.410, val_loss=4.190]
Epoch 2:  80%|███████▉  | 131/164 [04:27<01:07,  0.49it/s, v_num=0, train_loss=3.410, val_loss=4.190]
Epoch 2:  80%|███████▉  | 131/164 [04:27<01:07,  0.49it/s, v_num=0, train_loss=4.720, val_loss=4.190]
Epoch 2:  80%|████████  | 132/164 [04:29<01:05,  0.49it/s, v_num=0, train_loss=4.720, val_loss=4.190]
Epoch 2:  80%|████████  | 132/164 [04:29<01:05,  0.49it/s, v_num=0, train_loss=3.840, val_loss=4.190]
Epoch 2:  81%|████████  | 133/164 [04:31<01:03,  0.49it/s, v_num=0, train_loss=3.840, val_loss=4.190]
Epoch 2:  81%|████████  | 133/164 [04:31<01:03,  0.49it/s, v_num=0, train_loss=3.260, val_loss=4.190]
Epoch 2:  82%|████████▏ | 134/164 [04:33<01:01,  0.49it/s, v_num=0, train_loss=3.260, val_loss=4.190]
Epoch 2:  82%|████████▏ | 134/164 [04:33<01:01,  0.49it/s, v_num=0, train_loss=3.310, val_loss=4.190]
Epoch 2:  82%|████████▏ | 135/164 [04:35<00:59,  0.49it/s, v_num=0, train_loss=3.310, val_loss=4.190]
Epoch 2:  82%|████████▏ | 135/164 [04:35<00:59,  0.49it/s, v_num=0, train_loss=6.090, val_loss=4.190]
Epoch 2:  83%|████████▎ | 136/164 [04:37<00:57,  0.49it/s, v_num=0, train_loss=6.090, val_loss=4.190]
Epoch 2:  83%|████████▎ | 136/164 [04:37<00:57,  0.49it/s, v_num=0, train_loss=3.990, val_loss=4.190]
Epoch 2:  84%|████████▎ | 137/164 [04:39<00:55,  0.49it/s, v_num=0, train_loss=3.990, val_loss=4.190]
Epoch 2:  84%|████████▎ | 137/164 [04:39<00:55,  0.49it/s, v_num=0, train_loss=5.740, val_loss=4.190]
Epoch 2:  84%|████████▍ | 138/164 [04:41<00:53,  0.49it/s, v_num=0, train_loss=5.740, val_loss=4.190]
Epoch 2:  84%|████████▍ | 138/164 [04:41<00:53,  0.49it/s, v_num=0, train_loss=3.170, val_loss=4.190]
Epoch 2:  85%|████████▍ | 139/164 [04:43<00:50,  0.49it/s, v_num=0, train_loss=3.170, val_loss=4.190]
Epoch 2:  85%|████████▍ | 139/164 [04:43<00:50,  0.49it/s, v_num=0, train_loss=4.030, val_loss=4.190]
Epoch 2:  85%|████████▌ | 140/164 [04:45<00:48,  0.49it/s, v_num=0, train_loss=4.030, val_loss=4.190]
Epoch 2:  85%|████████▌ | 140/164 [04:45<00:48,  0.49it/s, v_num=0, train_loss=3.340, val_loss=4.190]
Epoch 2:  86%|████████▌ | 141/164 [04:47<00:46,  0.49it/s, v_num=0, train_loss=3.340, val_loss=4.190]
Epoch 2:  86%|████████▌ | 141/164 [04:47<00:46,  0.49it/s, v_num=0, train_loss=3.520, val_loss=4.190]
Epoch 2:  87%|████████▋ | 142/164 [04:49<00:44,  0.49it/s, v_num=0, train_loss=3.520, val_loss=4.190]
Epoch 2:  87%|████████▋ | 142/164 [04:49<00:44,  0.49it/s, v_num=0, train_loss=3.340, val_loss=4.190]
Epoch 2:  87%|████████▋ | 143/164 [04:51<00:42,  0.49it/s, v_num=0, train_loss=3.340, val_loss=4.190]
Epoch 2:  87%|████████▋ | 143/164 [04:51<00:42,  0.49it/s, v_num=0, train_loss=4.850, val_loss=4.190]
Epoch 2:  88%|████████▊ | 144/164 [04:53<00:40,  0.49it/s, v_num=0, train_loss=4.850, val_loss=4.190]
Epoch 2:  88%|████████▊ | 144/164 [04:53<00:40,  0.49it/s, v_num=0, train_loss=2.860, val_loss=4.190]
Epoch 2:  88%|████████▊ | 145/164 [04:55<00:38,  0.49it/s, v_num=0, train_loss=2.860, val_loss=4.190]
Epoch 2:  88%|████████▊ | 145/164 [04:55<00:38,  0.49it/s, v_num=0, train_loss=4.010, val_loss=4.190]
Epoch 2:  89%|████████▉ | 146/164 [04:57<00:36,  0.49it/s, v_num=0, train_loss=4.010, val_loss=4.190]
Epoch 2:  89%|████████▉ | 146/164 [04:57<00:36,  0.49it/s, v_num=0, train_loss=3.390, val_loss=4.190]
Epoch 2:  90%|████████▉ | 147/164 [04:59<00:34,  0.49it/s, v_num=0, train_loss=3.390, val_loss=4.190]
Epoch 2:  90%|████████▉ | 147/164 [04:59<00:34,  0.49it/s, v_num=0, train_loss=5.810, val_loss=4.190]
Epoch 2:  90%|█████████ | 148/164 [05:01<00:32,  0.49it/s, v_num=0, train_loss=5.810, val_loss=4.190]
Epoch 2:  90%|█████████ | 148/164 [05:01<00:32,  0.49it/s, v_num=0, train_loss=4.170, val_loss=4.190]
Epoch 2:  91%|█████████ | 149/164 [05:03<00:30,  0.49it/s, v_num=0, train_loss=4.170, val_loss=4.190]
Epoch 2:  91%|█████████ | 149/164 [05:03<00:30,  0.49it/s, v_num=0, train_loss=5.810, val_loss=4.190]
Epoch 2:  91%|█████████▏| 150/164 [05:05<00:28,  0.49it/s, v_num=0, train_loss=5.810, val_loss=4.190]
Epoch 2:  91%|█████████▏| 150/164 [05:05<00:28,  0.49it/s, v_num=0, train_loss=2.980, val_loss=4.190]
Epoch 2:  92%|█████████▏| 151/164 [05:07<00:26,  0.49it/s, v_num=0, train_loss=2.980, val_loss=4.190]
Epoch 2:  92%|█████████▏| 151/164 [05:07<00:26,  0.49it/s, v_num=0, train_loss=3.560, val_loss=4.190]
Epoch 2:  93%|█████████▎| 152/164 [05:09<00:24,  0.49it/s, v_num=0, train_loss=3.560, val_loss=4.190]
Epoch 2:  93%|█████████▎| 152/164 [05:09<00:24,  0.49it/s, v_num=0, train_loss=3.530, val_loss=4.190]
Epoch 2:  93%|█████████▎| 153/164 [05:11<00:22,  0.49it/s, v_num=0, train_loss=3.530, val_loss=4.190]
Epoch 2:  93%|█████████▎| 153/164 [05:11<00:22,  0.49it/s, v_num=0, train_loss=3.110, val_loss=4.190]
Epoch 2:  94%|█████████▍| 154/164 [05:13<00:20,  0.49it/s, v_num=0, train_loss=3.110, val_loss=4.190]
Epoch 2:  94%|█████████▍| 154/164 [05:13<00:20,  0.49it/s, v_num=0, train_loss=3.950, val_loss=4.190]
Epoch 2:  95%|█████████▍| 155/164 [05:15<00:18,  0.49it/s, v_num=0, train_loss=3.950, val_loss=4.190]
Epoch 2:  95%|█████████▍| 155/164 [05:16<00:18,  0.49it/s, v_num=0, train_loss=4.860, val_loss=4.190]
Epoch 2:  95%|█████████▌| 156/164 [05:17<00:16,  0.49it/s, v_num=0, train_loss=4.860, val_loss=4.190]
Epoch 2:  95%|█████████▌| 156/164 [05:18<00:16,  0.49it/s, v_num=0, train_loss=6.020, val_loss=4.190]
Epoch 2:  96%|█████████▌| 157/164 [05:19<00:14,  0.49it/s, v_num=0, train_loss=6.020, val_loss=4.190]
Epoch 2:  96%|█████████▌| 157/164 [05:20<00:14,  0.49it/s, v_num=0, train_loss=3.760, val_loss=4.190]
Epoch 2:  96%|█████████▋| 158/164 [05:22<00:12,  0.49it/s, v_num=0, train_loss=3.760, val_loss=4.190]
Epoch 2:  96%|█████████▋| 158/164 [05:22<00:12,  0.49it/s, v_num=0, train_loss=4.380, val_loss=4.190]
Epoch 2:  97%|█████████▋| 159/164 [05:24<00:10,  0.49it/s, v_num=0, train_loss=4.380, val_loss=4.190]
Epoch 2:  97%|█████████▋| 159/164 [05:24<00:10,  0.49it/s, v_num=0, train_loss=3.690, val_loss=4.190]
Epoch 2:  98%|█████████▊| 160/164 [05:26<00:08,  0.49it/s, v_num=0, train_loss=3.690, val_loss=4.190]
Epoch 2:  98%|█████████▊| 160/164 [05:26<00:08,  0.49it/s, v_num=0, train_loss=3.280, val_loss=4.190]
Epoch 2:  98%|█████████▊| 161/164 [05:28<00:06,  0.49it/s, v_num=0, train_loss=3.280, val_loss=4.190]
Epoch 2:  98%|█████████▊| 161/164 [05:28<00:06,  0.49it/s, v_num=0, train_loss=4.120, val_loss=4.190]
Epoch 2:  99%|█████████▉| 162/164 [05:30<00:04,  0.49it/s, v_num=0, train_loss=4.120, val_loss=4.190]
Epoch 2:  99%|█████████▉| 162/164 [05:30<00:04,  0.49it/s, v_num=0, train_loss=3.200, val_loss=4.190]
Epoch 2:  99%|█████████▉| 163/164 [05:32<00:02,  0.49it/s, v_num=0, train_loss=3.200, val_loss=4.190]
Epoch 2:  99%|█████████▉| 163/164 [05:32<00:02,  0.49it/s, v_num=0, train_loss=3.950, val_loss=4.190]
Epoch 2: 100%|██████████| 164/164 [05:34<00:00,  0.49it/s, v_num=0, train_loss=3.950, val_loss=4.190]
Epoch 2: 100%|██████████| 164/164 [05:34<00:00,  0.49it/s, v_num=0, train_loss=5.970, val_loss=4.190]

Validation: |          | 0/? [00:00<?, ?it/s][A

Validation:   0%|          | 0/126 [00:00<?, ?it/s][A

Validation DataLoader 0:   0%|          | 0/126 [00:00<?, ?it/s][A

Validation DataLoader 0:   1%|          | 1/126 [00:01<02:37,  0.79it/s][A

Validation DataLoader 0:   2%|▏         | 2/126 [00:02<02:36,  0.79it/s][A

Validation DataLoader 0:   2%|▏         | 3/126 [00:03<02:35,  0.79it/s][A

Validation DataLoader 0:   3%|▎         | 4/126 [00:05<02:34,  0.79it/s][A

Validation DataLoader 0:   4%|▍         | 5/126 [00:06<02:33,  0.79it/s][A

Validation DataLoader 0:   5%|▍         | 6/126 [00:07<02:31,  0.79it/s][A

Validation DataLoader 0:   6%|▌         | 7/126 [00:08<02:30,  0.79it/s][A

Validation DataLoader 0:   6%|▋         | 8/126 [00:10<02:29,  0.79it/s][A

Validation DataLoader 0:   7%|▋         | 9/126 [00:11<02:28,  0.79it/s][A

Validation DataLoader 0:   8%|▊         | 10/126 [00:12<02:27,  0.79it/s][A

Validation DataLoader 0:   9%|▊         | 11/126 [00:13<02:25,  0.79it/s][A

Validation DataLoader 0:  10%|▉         | 12/126 [00:15<02:24,  0.79it/s][A

Validation DataLoader 0:  10%|█         | 13/126 [00:16<02:23,  0.79it/s][A

Validation DataLoader 0:  11%|█         | 14/126 [00:17<02:21,  0.79it/s][A

Validation DataLoader 0:  12%|█▏        | 15/126 [00:19<02:20,  0.79it/s][A

Validation DataLoader 0:  13%|█▎        | 16/126 [00:20<02:19,  0.79it/s][A

Validation DataLoader 0:  13%|█▎        | 17/126 [00:21<02:18,  0.79it/s][A

Validation DataLoader 0:  14%|█▍        | 18/126 [00:22<02:16,  0.79it/s][A

Validation DataLoader 0:  15%|█▌        | 19/126 [00:24<02:15,  0.79it/s][A

Validation DataLoader 0:  16%|█▌        | 20/126 [00:25<02:14,  0.79it/s][A

Validation DataLoader 0:  17%|█▋        | 21/126 [00:26<02:13,  0.79it/s][A

Validation DataLoader 0:  17%|█▋        | 22/126 [00:27<02:11,  0.79it/s][A

Validation DataLoader 0:  18%|█▊        | 23/126 [00:29<02:10,  0.79it/s][A

Validation DataLoader 0:  19%|█▉        | 24/126 [00:30<02:09,  0.79it/s][A

Validation DataLoader 0:  20%|█▉        | 25/126 [00:31<02:08,  0.79it/s][A

Validation DataLoader 0:  21%|██        | 26/126 [00:32<02:06,  0.79it/s][A

Validation DataLoader 0:  21%|██▏       | 27/126 [00:34<02:05,  0.79it/s][A

Validation DataLoader 0:  22%|██▏       | 28/126 [00:35<02:04,  0.79it/s][A

Validation DataLoader 0:  23%|██▎       | 29/126 [00:36<02:02,  0.79it/s][A

Validation DataLoader 0:  24%|██▍       | 30/126 [00:38<02:01,  0.79it/s][A

Validation DataLoader 0:  25%|██▍       | 31/126 [00:39<02:00,  0.79it/s][A

Validation DataLoader 0:  25%|██▌       | 32/126 [00:40<01:59,  0.79it/s][A

Validation DataLoader 0:  26%|██▌       | 33/126 [00:41<01:57,  0.79it/s][A

Validation DataLoader 0:  27%|██▋       | 34/126 [00:43<01:56,  0.79it/s][A

Validation DataLoader 0:  28%|██▊       | 35/126 [00:44<01:55,  0.79it/s][A

Validation DataLoader 0:  29%|██▊       | 36/126 [00:45<01:54,  0.79it/s][A

Validation DataLoader 0:  29%|██▉       | 37/126 [00:46<01:52,  0.79it/s][A

Validation DataLoader 0:  30%|███       | 38/126 [00:48<01:51,  0.79it/s][A

Validation DataLoader 0:  31%|███       | 39/126 [00:49<01:50,  0.79it/s][A

Validation DataLoader 0:  32%|███▏      | 40/126 [00:50<01:49,  0.79it/s][A

Validation DataLoader 0:  33%|███▎      | 41/126 [00:51<01:47,  0.79it/s][A

Validation DataLoader 0:  33%|███▎      | 42/126 [00:53<01:46,  0.79it/s][A

Validation DataLoader 0:  34%|███▍      | 43/126 [00:54<01:45,  0.79it/s][A

Validation DataLoader 0:  35%|███▍      | 44/126 [00:55<01:43,  0.79it/s][A

Validation DataLoader 0:  36%|███▌      | 45/126 [00:57<01:42,  0.79it/s][A

Validation DataLoader 0:  37%|███▋      | 46/126 [00:58<01:41,  0.79it/s][A

Validation DataLoader 0:  37%|███▋      | 47/126 [00:59<01:40,  0.79it/s][A

Validation DataLoader 0:  38%|███▊      | 48/126 [01:00<01:38,  0.79it/s][A

Validation DataLoader 0:  39%|███▉      | 49/126 [01:02<01:37,  0.79it/s][A

Validation DataLoader 0:  40%|███▉      | 50/126 [01:03<01:36,  0.79it/s][A

Validation DataLoader 0:  40%|████      | 51/126 [01:04<01:35,  0.79it/s][A

Validation DataLoader 0:  41%|████▏     | 52/126 [01:05<01:33,  0.79it/s][A

Validation DataLoader 0:  42%|████▏     | 53/126 [01:07<01:32,  0.79it/s][A

Validation DataLoader 0:  43%|████▎     | 54/126 [01:08<01:31,  0.79it/s][A

Validation DataLoader 0:  44%|████▎     | 55/126 [01:09<01:29,  0.79it/s][A

Validation DataLoader 0:  44%|████▍     | 56/126 [01:10<01:28,  0.79it/s][A

Validation DataLoader 0:  45%|████▌     | 57/126 [01:12<01:27,  0.79it/s][A

Validation DataLoader 0:  46%|████▌     | 58/126 [01:13<01:26,  0.79it/s][A

Validation DataLoader 0:  47%|████▋     | 59/126 [01:14<01:24,  0.79it/s][A

Validation DataLoader 0:  48%|████▊     | 60/126 [01:16<01:23,  0.79it/s][A

Validation DataLoader 0:  48%|████▊     | 61/126 [01:17<01:22,  0.79it/s][A

Validation DataLoader 0:  49%|████▉     | 62/126 [01:18<01:21,  0.79it/s][A

Validation DataLoader 0:  50%|█████     | 63/126 [01:19<01:19,  0.79it/s][A

Validation DataLoader 0:  51%|█████     | 64/126 [01:21<01:18,  0.79it/s][A

Validation DataLoader 0:  52%|█████▏    | 65/126 [01:22<01:17,  0.79it/s][A

Validation DataLoader 0:  52%|█████▏    | 66/126 [01:23<01:16,  0.79it/s][A

Validation DataLoader 0:  53%|█████▎    | 67/126 [01:24<01:14,  0.79it/s][A

Validation DataLoader 0:  54%|█████▍    | 68/126 [01:26<01:13,  0.79it/s][A

Validation DataLoader 0:  55%|█████▍    | 69/126 [01:27<01:12,  0.79it/s][A

Validation DataLoader 0:  56%|█████▌    | 70/126 [01:28<01:10,  0.79it/s][A

Validation DataLoader 0:  56%|█████▋    | 71/126 [01:29<01:09,  0.79it/s][A

Validation DataLoader 0:  57%|█████▋    | 72/126 [01:31<01:08,  0.79it/s][A

Validation DataLoader 0:  58%|█████▊    | 73/126 [01:32<01:07,  0.79it/s][A

Validation DataLoader 0:  59%|█████▊    | 74/126 [01:33<01:05,  0.79it/s][A

Validation DataLoader 0:  60%|█████▉    | 75/126 [01:35<01:04,  0.79it/s][A

Validation DataLoader 0:  60%|██████    | 76/126 [01:36<01:03,  0.79it/s][A

Validation DataLoader 0:  61%|██████    | 77/126 [01:37<01:02,  0.79it/s][A

Validation DataLoader 0:  62%|██████▏   | 78/126 [01:38<01:00,  0.79it/s][A

Validation DataLoader 0:  63%|██████▎   | 79/126 [01:40<00:59,  0.79it/s][A

Validation DataLoader 0:  63%|██████▎   | 80/126 [01:41<00:58,  0.79it/s][A

Validation DataLoader 0:  64%|██████▍   | 81/126 [01:42<00:57,  0.79it/s][A

Validation DataLoader 0:  65%|██████▌   | 82/126 [01:43<00:55,  0.79it/s][A

Validation DataLoader 0:  66%|██████▌   | 83/126 [01:45<00:54,  0.79it/s][A

Validation DataLoader 0:  67%|██████▋   | 84/126 [01:46<00:53,  0.79it/s][A

Validation DataLoader 0:  67%|██████▋   | 85/126 [01:47<00:51,  0.79it/s][A

Validation DataLoader 0:  68%|██████▊   | 86/126 [01:48<00:50,  0.79it/s][A

Validation DataLoader 0:  69%|██████▉   | 87/126 [01:50<00:49,  0.79it/s][A

Validation DataLoader 0:  70%|██████▉   | 88/126 [01:51<00:48,  0.79it/s][A

Validation DataLoader 0:  71%|███████   | 89/126 [01:52<00:46,  0.79it/s][A

Validation DataLoader 0:  71%|███████▏  | 90/126 [01:54<00:45,  0.79it/s][A

Validation DataLoader 0:  72%|███████▏  | 91/126 [01:55<00:44,  0.79it/s][A

Validation DataLoader 0:  73%|███████▎  | 92/126 [01:56<00:43,  0.79it/s][A

Validation DataLoader 0:  74%|███████▍  | 93/126 [01:57<00:41,  0.79it/s][A

Validation DataLoader 0:  75%|███████▍  | 94/126 [01:59<00:40,  0.79it/s][A

Validation DataLoader 0:  75%|███████▌  | 95/126 [02:00<00:39,  0.79it/s][A

Validation DataLoader 0:  76%|███████▌  | 96/126 [02:01<00:38,  0.79it/s][A

Validation DataLoader 0:  77%|███████▋  | 97/126 [02:02<00:36,  0.79it/s][A

Validation DataLoader 0:  78%|███████▊  | 98/126 [02:04<00:35,  0.79it/s][A

Validation DataLoader 0:  79%|███████▊  | 99/126 [02:05<00:34,  0.79it/s][A

Validation DataLoader 0:  79%|███████▉  | 100/126 [02:06<00:32,  0.79it/s][A

Validation DataLoader 0:  80%|████████  | 101/126 [02:07<00:31,  0.79it/s][A

Validation DataLoader 0:  81%|████████  | 102/126 [02:09<00:30,  0.79it/s][A

Validation DataLoader 0:  82%|████████▏ | 103/126 [02:10<00:29,  0.79it/s][A

Validation DataLoader 0:  83%|████████▎ | 104/126 [02:11<00:27,  0.79it/s][A

Validation DataLoader 0:  83%|████████▎ | 105/126 [02:13<00:26,  0.79it/s][A

Validation DataLoader 0:  84%|████████▍ | 106/126 [02:14<00:25,  0.79it/s][A

Validation DataLoader 0:  85%|████████▍ | 107/126 [02:15<00:24,  0.79it/s][A

Validation DataLoader 0:  86%|████████▌ | 108/126 [02:16<00:22,  0.79it/s][A

Validation DataLoader 0:  87%|████████▋ | 109/126 [02:18<00:21,  0.79it/s][A

Validation DataLoader 0:  87%|████████▋ | 110/126 [02:19<00:20,  0.79it/s][A

Validation DataLoader 0:  88%|████████▊ | 111/126 [02:20<00:19,  0.79it/s][A

Validation DataLoader 0:  89%|████████▉ | 112/126 [02:21<00:17,  0.79it/s][A

Validation DataLoader 0:  90%|████████▉ | 113/126 [02:23<00:16,  0.79it/s][A

Validation DataLoader 0:  90%|█████████ | 114/126 [02:24<00:15,  0.79it/s][A

Validation DataLoader 0:  91%|█████████▏| 115/126 [02:25<00:13,  0.79it/s][A

Validation DataLoader 0:  92%|█████████▏| 116/126 [02:27<00:12,  0.79it/s][A

Validation DataLoader 0:  93%|█████████▎| 117/126 [02:28<00:11,  0.79it/s][A

Validation DataLoader 0:  94%|█████████▎| 118/126 [02:29<00:10,  0.79it/s][A

Validation DataLoader 0:  94%|█████████▍| 119/126 [02:30<00:08,  0.79it/s][A

Validation DataLoader 0:  95%|█████████▌| 120/126 [02:32<00:07,  0.79it/s][A

Validation DataLoader 0:  96%|█████████▌| 121/126 [02:33<00:06,  0.79it/s][A

Validation DataLoader 0:  97%|█████████▋| 122/126 [02:34<00:05,  0.79it/s][A

Validation DataLoader 0:  98%|█████████▊| 123/126 [02:35<00:03,  0.79it/s][A

Validation DataLoader 0:  98%|█████████▊| 124/126 [02:37<00:02,  0.79it/s][A

Validation DataLoader 0:  99%|█████████▉| 125/126 [02:38<00:01,  0.79it/s][A

Validation DataLoader 0: 100%|██████████| 126/126 [02:39<00:00,  0.79it/s][A

                                                                          [A
Epoch 2: 100%|██████████| 164/164 [08:14<00:00,  0.33it/s, v_num=0, train_loss=5.970, val_loss=3.990]
Epoch 2: 100%|██████████| 164/164 [08:14<00:00,  0.33it/s, v_num=0, train_loss=5.970, val_loss=3.990]
Epoch 2:   0%|          | 0/164 [00:00<?, ?it/s, v_num=0, train_loss=5.970, val_loss=3.990]          
Epoch 3:   0%|          | 0/164 [00:00<?, ?it/s, v_num=0, train_loss=5.970, val_loss=3.990]
Epoch 3:   1%|          | 1/164 [00:02<06:46,  0.40it/s, v_num=0, train_loss=5.970, val_loss=3.990]
Epoch 3:   1%|          | 1/164 [00:02<07:02,  0.39it/s, v_num=0, train_loss=3.470, val_loss=3.990]
Epoch 3:   1%|          | 2/164 [00:04<06:02,  0.45it/s, v_num=0, train_loss=3.470, val_loss=3.990]
Epoch 3:   1%|          | 2/164 [00:04<06:10,  0.44it/s, v_num=0, train_loss=3.350, val_loss=3.990]
Epoch 3:   2%|▏         | 3/164 [00:06<05:46,  0.46it/s, v_num=0, train_loss=3.350, val_loss=3.990]
Epoch 3:   2%|▏         | 3/164 [00:06<05:52,  0.46it/s, v_num=0, train_loss=3.510, val_loss=3.990]
Epoch 3:   2%|▏         | 4/164 [00:08<05:38,  0.47it/s, v_num=0, train_loss=3.510, val_loss=3.990]
Epoch 3:   2%|▏         | 4/164 [00:08<05:42,  0.47it/s, v_num=0, train_loss=4.490, val_loss=3.990]
Epoch 3:   3%|▎         | 5/164 [00:10<05:32,  0.48it/s, v_num=0, train_loss=4.490, val_loss=3.990]
Epoch 3:   3%|▎         | 5/164 [00:10<05:35,  0.47it/s, v_num=0, train_loss=6.330, val_loss=3.990]
Epoch 3:   4%|▎         | 6/164 [00:12<05:27,  0.48it/s, v_num=0, train_loss=6.330, val_loss=3.990]
Epoch 3:   4%|▎         | 6/164 [00:12<05:30,  0.48it/s, v_num=0, train_loss=3.760, val_loss=3.990]
Epoch 3:   4%|▍         | 7/164 [00:14<05:24,  0.48it/s, v_num=0, train_loss=3.760, val_loss=3.990]
Epoch 3:   4%|▍         | 7/164 [00:14<05:26,  0.48it/s, v_num=0, train_loss=2.810, val_loss=3.990]
Epoch 3:   5%|▍         | 8/164 [00:16<05:21,  0.49it/s, v_num=0, train_loss=2.810, val_loss=3.990]
Epoch 3:   5%|▍         | 8/164 [00:16<05:23,  0.48it/s, v_num=0, train_loss=3.730, val_loss=3.990]
Epoch 3:   5%|▌         | 9/164 [00:18<05:18,  0.49it/s, v_num=0, train_loss=3.730, val_loss=3.990]
Epoch 3:   5%|▌         | 9/164 [00:18<05:20,  0.48it/s, v_num=0, train_loss=4.080, val_loss=3.990]
Epoch 3:   6%|▌         | 10/164 [00:20<05:16,  0.49it/s, v_num=0, train_loss=4.080, val_loss=3.990]
Epoch 3:   6%|▌         | 10/164 [00:20<05:17,  0.48it/s, v_num=0, train_loss=5.960, val_loss=3.990]
Epoch 3:   7%|▋         | 11/164 [00:22<05:13,  0.49it/s, v_num=0, train_loss=5.960, val_loss=3.990]
Epoch 3:   7%|▋         | 11/164 [00:22<05:15,  0.49it/s, v_num=0, train_loss=5.490, val_loss=3.990]
Epoch 3:   7%|▋         | 12/164 [00:24<05:11,  0.49it/s, v_num=0, train_loss=5.490, val_loss=3.990]
Epoch 3:   7%|▋         | 12/164 [00:24<05:12,  0.49it/s, v_num=0, train_loss=4.240, val_loss=3.990]
Epoch 3:   8%|▊         | 13/164 [00:26<05:09,  0.49it/s, v_num=0, train_loss=4.240, val_loss=3.990]
Epoch 3:   8%|▊         | 13/164 [00:26<05:10,  0.49it/s, v_num=0, train_loss=3.910, val_loss=3.990]
Epoch 3:   9%|▊         | 14/164 [00:28<05:06,  0.49it/s, v_num=0, train_loss=3.910, val_loss=3.990]
Epoch 3:   9%|▊         | 14/164 [00:28<05:08,  0.49it/s, v_num=0, train_loss=3.560, val_loss=3.990]
Epoch 3:   9%|▉         | 15/164 [00:30<05:04,  0.49it/s, v_num=0, train_loss=3.560, val_loss=3.990]
Epoch 3:   9%|▉         | 15/164 [00:30<05:05,  0.49it/s, v_num=0, train_loss=4.300, val_loss=3.990]
Epoch 3:  10%|▉         | 16/164 [00:32<05:02,  0.49it/s, v_num=0, train_loss=4.300, val_loss=3.990]
Epoch 3:  10%|▉         | 16/164 [00:32<05:03,  0.49it/s, v_num=0, train_loss=3.650, val_loss=3.990]
Epoch 3:  10%|█         | 17/164 [00:34<05:00,  0.49it/s, v_num=0, train_loss=3.650, val_loss=3.990]
Epoch 3:  10%|█         | 17/164 [00:34<05:01,  0.49it/s, v_num=0, train_loss=3.720, val_loss=3.990]
Epoch 3:  11%|█         | 18/164 [00:36<04:58,  0.49it/s, v_num=0, train_loss=3.720, val_loss=3.990]
Epoch 3:  11%|█         | 18/164 [00:36<04:59,  0.49it/s, v_num=0, train_loss=5.960, val_loss=3.990]
Epoch 3:  12%|█▏        | 19/164 [00:38<04:56,  0.49it/s, v_num=0, train_loss=5.960, val_loss=3.990]
Epoch 3:  12%|█▏        | 19/164 [00:38<04:56,  0.49it/s, v_num=0, train_loss=3.410, val_loss=3.990]
Epoch 3:  12%|█▏        | 20/164 [00:40<04:54,  0.49it/s, v_num=0, train_loss=3.410, val_loss=3.990]
Epoch 3:  12%|█▏        | 20/164 [00:40<04:54,  0.49it/s, v_num=0, train_loss=5.070, val_loss=3.990]
Epoch 3:  13%|█▎        | 21/164 [00:42<04:51,  0.49it/s, v_num=0, train_loss=5.070, val_loss=3.990]
Epoch 3:  13%|█▎        | 21/164 [00:42<04:52,  0.49it/s, v_num=0, train_loss=3.270, val_loss=3.990]
Epoch 3:  13%|█▎        | 22/164 [00:44<04:49,  0.49it/s, v_num=0, train_loss=3.270, val_loss=3.990]
Epoch 3:  13%|█▎        | 22/164 [00:45<04:50,  0.49it/s, v_num=0, train_loss=4.430, val_loss=3.990]
Epoch 3:  14%|█▍        | 23/164 [00:46<04:47,  0.49it/s, v_num=0, train_loss=4.430, val_loss=3.990]
Epoch 3:  14%|█▍        | 23/164 [00:47<04:48,  0.49it/s, v_num=0, train_loss=4.160, val_loss=3.990]
Epoch 3:  15%|█▍        | 24/164 [00:48<04:45,  0.49it/s, v_num=0, train_loss=4.160, val_loss=3.990]
Epoch 3:  15%|█▍        | 24/164 [00:49<04:46,  0.49it/s, v_num=0, train_loss=5.570, val_loss=3.990]
Epoch 3:  15%|█▌        | 25/164 [00:51<04:43,  0.49it/s, v_num=0, train_loss=5.570, val_loss=3.990]
Epoch 3:  15%|█▌        | 25/164 [00:51<04:44,  0.49it/s, v_num=0, train_loss=3.590, val_loss=3.990]
Epoch 3:  16%|█▌        | 26/164 [00:53<04:41,  0.49it/s, v_num=0, train_loss=3.590, val_loss=3.990]
Epoch 3:  16%|█▌        | 26/164 [00:53<04:42,  0.49it/s, v_num=0, train_loss=5.710, val_loss=3.990]
Epoch 3:  16%|█▋        | 27/164 [00:55<04:39,  0.49it/s, v_num=0, train_loss=5.710, val_loss=3.990]
Epoch 3:  16%|█▋        | 27/164 [00:55<04:39,  0.49it/s, v_num=0, train_loss=4.780, val_loss=3.990]
Epoch 3:  17%|█▋        | 28/164 [00:57<04:37,  0.49it/s, v_num=0, train_loss=4.780, val_loss=3.990]
Epoch 3:  17%|█▋        | 28/164 [00:57<04:37,  0.49it/s, v_num=0, train_loss=5.980, val_loss=3.990]
Epoch 3:  18%|█▊        | 29/164 [00:59<04:35,  0.49it/s, v_num=0, train_loss=5.980, val_loss=3.990]
Epoch 3:  18%|█▊        | 29/164 [00:59<04:35,  0.49it/s, v_num=0, train_loss=3.240, val_loss=3.990]
Epoch 3:  18%|█▊        | 30/164 [01:01<04:33,  0.49it/s, v_num=0, train_loss=3.240, val_loss=3.990]
Epoch 3:  18%|█▊        | 30/164 [01:01<04:33,  0.49it/s, v_num=0, train_loss=5.990, val_loss=3.990]
Epoch 3:  19%|█▉        | 31/164 [01:03<04:31,  0.49it/s, v_num=0, train_loss=5.990, val_loss=3.990]
Epoch 3:  19%|█▉        | 31/164 [01:03<04:31,  0.49it/s, v_num=0, train_loss=5.970, val_loss=3.990]
Epoch 3:  20%|█▉        | 32/164 [01:05<04:29,  0.49it/s, v_num=0, train_loss=5.970, val_loss=3.990]
Epoch 3:  20%|█▉        | 32/164 [01:05<04:29,  0.49it/s, v_num=0, train_loss=2.850, val_loss=3.990]
Epoch 3:  20%|██        | 33/164 [01:07<04:27,  0.49it/s, v_num=0, train_loss=2.850, val_loss=3.990]
Epoch 3:  20%|██        | 33/164 [01:07<04:27,  0.49it/s, v_num=0, train_loss=5.990, val_loss=3.990]
Epoch 3:  21%|██        | 34/164 [01:09<04:25,  0.49it/s, v_num=0, train_loss=5.990, val_loss=3.990]
Epoch 3:  21%|██        | 34/164 [01:09<04:25,  0.49it/s, v_num=0, train_loss=5.550, val_loss=3.990]
Epoch 3:  21%|██▏       | 35/164 [01:11<04:23,  0.49it/s, v_num=0, train_loss=5.550, val_loss=3.990]
Epoch 3:  21%|██▏       | 35/164 [01:11<04:23,  0.49it/s, v_num=0, train_loss=3.630, val_loss=3.990]
Epoch 3:  22%|██▏       | 36/164 [01:13<04:21,  0.49it/s, v_num=0, train_loss=3.630, val_loss=3.990]
Epoch 3:  22%|██▏       | 36/164 [01:13<04:21,  0.49it/s, v_num=0, train_loss=3.910, val_loss=3.990]
Epoch 3:  23%|██▎       | 37/164 [01:15<04:18,  0.49it/s, v_num=0, train_loss=3.910, val_loss=3.990]
Epoch 3:  23%|██▎       | 37/164 [01:15<04:19,  0.49it/s, v_num=0, train_loss=4.900, val_loss=3.990]
Epoch 3:  23%|██▎       | 38/164 [01:17<04:16,  0.49it/s, v_num=0, train_loss=4.900, val_loss=3.990]
Epoch 3:  23%|██▎       | 38/164 [01:17<04:17,  0.49it/s, v_num=0, train_loss=5.020, val_loss=3.990]
Epoch 3:  24%|██▍       | 39/164 [01:19<04:14,  0.49it/s, v_num=0, train_loss=5.020, val_loss=3.990]
Epoch 3:  24%|██▍       | 39/164 [01:19<04:15,  0.49it/s, v_num=0, train_loss=5.980, val_loss=3.990]
Epoch 3:  24%|██▍       | 40/164 [01:21<04:12,  0.49it/s, v_num=0, train_loss=5.980, val_loss=3.990]
Epoch 3:  24%|██▍       | 40/164 [01:21<04:13,  0.49it/s, v_num=0, train_loss=3.150, val_loss=3.990]
Epoch 3:  25%|██▌       | 41/164 [01:23<04:10,  0.49it/s, v_num=0, train_loss=3.150, val_loss=3.990]
Epoch 3:  25%|██▌       | 41/164 [01:23<04:11,  0.49it/s, v_num=0, train_loss=3.220, val_loss=3.990]
Epoch 3:  26%|██▌       | 42/164 [01:25<04:08,  0.49it/s, v_num=0, train_loss=3.220, val_loss=3.990]
Epoch 3:  26%|██▌       | 42/164 [01:25<04:09,  0.49it/s, v_num=0, train_loss=3.510, val_loss=3.990]
Epoch 3:  26%|██▌       | 43/164 [01:27<04:06,  0.49it/s, v_num=0, train_loss=3.510, val_loss=3.990]
Epoch 3:  26%|██▌       | 43/164 [01:27<04:06,  0.49it/s, v_num=0, train_loss=4.830, val_loss=3.990]
Epoch 3:  27%|██▋       | 44/164 [01:29<04:04,  0.49it/s, v_num=0, train_loss=4.830, val_loss=3.990]
Epoch 3:  27%|██▋       | 44/164 [01:29<04:04,  0.49it/s, v_num=0, train_loss=2.980, val_loss=3.990]
Epoch 3:  27%|██▋       | 45/164 [01:31<04:02,  0.49it/s, v_num=0, train_loss=2.980, val_loss=3.990]
Epoch 3:  27%|██▋       | 45/164 [01:31<04:02,  0.49it/s, v_num=0, train_loss=3.610, val_loss=3.990]
Epoch 3:  28%|██▊       | 46/164 [01:33<04:00,  0.49it/s, v_num=0, train_loss=3.610, val_loss=3.990]
Epoch 3:  28%|██▊       | 46/164 [01:33<04:00,  0.49it/s, v_num=0, train_loss=3.230, val_loss=3.990]
Epoch 3:  29%|██▊       | 47/164 [01:35<03:58,  0.49it/s, v_num=0, train_loss=3.230, val_loss=3.990]
Epoch 3:  29%|██▊       | 47/164 [01:35<03:58,  0.49it/s, v_num=0, train_loss=3.000, val_loss=3.990]
Epoch 3:  29%|██▉       | 48/164 [01:37<03:56,  0.49it/s, v_num=0, train_loss=3.000, val_loss=3.990]
Epoch 3:  29%|██▉       | 48/164 [01:37<03:56,  0.49it/s, v_num=0, train_loss=4.630, val_loss=3.990]
Epoch 3:  30%|██▉       | 49/164 [01:39<03:54,  0.49it/s, v_num=0, train_loss=4.630, val_loss=3.990]
Epoch 3:  30%|██▉       | 49/164 [01:40<03:54,  0.49it/s, v_num=0, train_loss=4.190, val_loss=3.990]
Epoch 3:  30%|███       | 50/164 [01:41<03:52,  0.49it/s, v_num=0, train_loss=4.190, val_loss=3.990]
Epoch 3:  30%|███       | 50/164 [01:42<03:52,  0.49it/s, v_num=0, train_loss=3.030, val_loss=3.990]
Epoch 3:  31%|███       | 51/164 [01:44<03:50,  0.49it/s, v_num=0, train_loss=3.030, val_loss=3.990]
Epoch 3:  31%|███       | 51/164 [01:44<03:50,  0.49it/s, v_num=0, train_loss=5.130, val_loss=3.990]
Epoch 3:  32%|███▏      | 52/164 [01:46<03:48,  0.49it/s, v_num=0, train_loss=5.130, val_loss=3.990]
Epoch 3:  32%|███▏      | 52/164 [01:46<03:48,  0.49it/s, v_num=0, train_loss=5.580, val_loss=3.990]
Epoch 3:  32%|███▏      | 53/164 [01:48<03:46,  0.49it/s, v_num=0, train_loss=5.580, val_loss=3.990]
Epoch 3:  32%|███▏      | 53/164 [01:48<03:46,  0.49it/s, v_num=0, train_loss=3.840, val_loss=3.990]
Epoch 3:  33%|███▎      | 54/164 [01:50<03:44,  0.49it/s, v_num=0, train_loss=3.840, val_loss=3.990]
Epoch 3:  33%|███▎      | 54/164 [01:50<03:44,  0.49it/s, v_num=0, train_loss=3.220, val_loss=3.990]
Epoch 3:  34%|███▎      | 55/164 [01:52<03:42,  0.49it/s, v_num=0, train_loss=3.220, val_loss=3.990]
Epoch 3:  34%|███▎      | 55/164 [01:52<03:42,  0.49it/s, v_num=0, train_loss=3.140, val_loss=3.990]
Epoch 3:  34%|███▍      | 56/164 [01:54<03:40,  0.49it/s, v_num=0, train_loss=3.140, val_loss=3.990]
Epoch 3:  34%|███▍      | 56/164 [01:54<03:40,  0.49it/s, v_num=0, train_loss=3.640, val_loss=3.990]
Epoch 3:  35%|███▍      | 57/164 [01:56<03:38,  0.49it/s, v_num=0, train_loss=3.640, val_loss=3.990]
Epoch 3:  35%|███▍      | 57/164 [01:56<03:38,  0.49it/s, v_num=0, train_loss=3.170, val_loss=3.990]
Epoch 3:  35%|███▌      | 58/164 [01:58<03:36,  0.49it/s, v_num=0, train_loss=3.170, val_loss=3.990]
Epoch 3:  35%|███▌      | 58/164 [01:58<03:36,  0.49it/s, v_num=0, train_loss=3.980, val_loss=3.990]
Epoch 3:  36%|███▌      | 59/164 [02:00<03:34,  0.49it/s, v_num=0, train_loss=3.980, val_loss=3.990]
Epoch 3:  36%|███▌      | 59/164 [02:00<03:34,  0.49it/s, v_num=0, train_loss=4.160, val_loss=3.990]
Epoch 3:  37%|███▋      | 60/164 [02:02<03:32,  0.49it/s, v_num=0, train_loss=4.160, val_loss=3.990]
Epoch 3:  37%|███▋      | 60/164 [02:02<03:32,  0.49it/s, v_num=0, train_loss=4.230, val_loss=3.990]
Epoch 3:  37%|███▋      | 61/164 [02:04<03:30,  0.49it/s, v_num=0, train_loss=4.230, val_loss=3.990]
Epoch 3:  37%|███▋      | 61/164 [02:04<03:30,  0.49it/s, v_num=0, train_loss=3.870, val_loss=3.990]
Epoch 3:  38%|███▊      | 62/164 [02:06<03:28,  0.49it/s, v_num=0, train_loss=3.870, val_loss=3.990]
Epoch 3:  38%|███▊      | 62/164 [02:06<03:28,  0.49it/s, v_num=0, train_loss=3.640, val_loss=3.990]
Epoch 3:  38%|███▊      | 63/164 [02:08<03:26,  0.49it/s, v_num=0, train_loss=3.640, val_loss=3.990]
Epoch 3:  38%|███▊      | 63/164 [02:08<03:26,  0.49it/s, v_num=0, train_loss=3.800, val_loss=3.990]
Epoch 3:  39%|███▉      | 64/164 [02:10<03:23,  0.49it/s, v_num=0, train_loss=3.800, val_loss=3.990]
Epoch 3:  39%|███▉      | 64/164 [02:10<03:24,  0.49it/s, v_num=0, train_loss=3.160, val_loss=3.990]
Epoch 3:  40%|███▉      | 65/164 [02:12<03:21,  0.49it/s, v_num=0, train_loss=3.160, val_loss=3.990]
Epoch 3:  40%|███▉      | 65/164 [02:12<03:22,  0.49it/s, v_num=0, train_loss=6.090, val_loss=3.990]
Epoch 3:  40%|████      | 66/164 [02:14<03:19,  0.49it/s, v_num=0, train_loss=6.090, val_loss=3.990]
Epoch 3:  40%|████      | 66/164 [02:14<03:20,  0.49it/s, v_num=0, train_loss=5.380, val_loss=3.990]
Epoch 3:  41%|████      | 67/164 [02:16<03:17,  0.49it/s, v_num=0, train_loss=5.380, val_loss=3.990]
Epoch 3:  41%|████      | 67/164 [02:16<03:17,  0.49it/s, v_num=0, train_loss=4.690, val_loss=3.990]
Epoch 3:  41%|████▏     | 68/164 [02:18<03:15,  0.49it/s, v_num=0, train_loss=4.690, val_loss=3.990]
Epoch 3:  41%|████▏     | 68/164 [02:18<03:15,  0.49it/s, v_num=0, train_loss=3.490, val_loss=3.990]
Epoch 3:  42%|████▏     | 69/164 [02:20<03:13,  0.49it/s, v_num=0, train_loss=3.490, val_loss=3.990]
Epoch 3:  42%|████▏     | 69/164 [02:20<03:13,  0.49it/s, v_num=0, train_loss=3.810, val_loss=3.990]
Epoch 3:  43%|████▎     | 70/164 [02:22<03:11,  0.49it/s, v_num=0, train_loss=3.810, val_loss=3.990]
Epoch 3:  43%|████▎     | 70/164 [02:22<03:11,  0.49it/s, v_num=0, train_loss=3.880, val_loss=3.990]
Epoch 3:  43%|████▎     | 71/164 [02:24<03:09,  0.49it/s, v_num=0, train_loss=3.880, val_loss=3.990]
Epoch 3:  43%|████▎     | 71/164 [02:24<03:09,  0.49it/s, v_num=0, train_loss=6.010, val_loss=3.990]
Epoch 3:  44%|████▍     | 72/164 [02:26<03:07,  0.49it/s, v_num=0, train_loss=6.010, val_loss=3.990]
Epoch 3:  44%|████▍     | 72/164 [02:26<03:07,  0.49it/s, v_num=0, train_loss=3.370, val_loss=3.990]
Epoch 3:  45%|████▍     | 73/164 [02:28<03:05,  0.49it/s, v_num=0, train_loss=3.370, val_loss=3.990]
Epoch 3:  45%|████▍     | 73/164 [02:29<03:05,  0.49it/s, v_num=0, train_loss=5.770, val_loss=3.990]
Epoch 3:  45%|████▌     | 74/164 [02:30<03:03,  0.49it/s, v_num=0, train_loss=5.770, val_loss=3.990]
Epoch 3:  45%|████▌     | 74/164 [02:31<03:03,  0.49it/s, v_num=0, train_loss=4.950, val_loss=3.990]
Epoch 3:  46%|████▌     | 75/164 [02:32<03:01,  0.49it/s, v_num=0, train_loss=4.950, val_loss=3.990]
Epoch 3:  46%|████▌     | 75/164 [02:33<03:01,  0.49it/s, v_num=0, train_loss=3.480, val_loss=3.990]
Epoch 3:  46%|████▋     | 76/164 [02:35<02:59,  0.49it/s, v_num=0, train_loss=3.480, val_loss=3.990]
Epoch 3:  46%|████▋     | 76/164 [02:35<02:59,  0.49it/s, v_num=0, train_loss=5.470, val_loss=3.990]
Epoch 3:  47%|████▋     | 77/164 [02:37<02:57,  0.49it/s, v_num=0, train_loss=5.470, val_loss=3.990]
Epoch 3:  47%|████▋     | 77/164 [02:37<02:57,  0.49it/s, v_num=0, train_loss=3.340, val_loss=3.990]
Epoch 3:  48%|████▊     | 78/164 [02:39<02:55,  0.49it/s, v_num=0, train_loss=3.340, val_loss=3.990]
Epoch 3:  48%|████▊     | 78/164 [02:39<02:55,  0.49it/s, v_num=0, train_loss=4.040, val_loss=3.990]
Epoch 3:  48%|████▊     | 79/164 [02:41<02:53,  0.49it/s, v_num=0, train_loss=4.040, val_loss=3.990]
Epoch 3:  48%|████▊     | 79/164 [02:41<02:53,  0.49it/s, v_num=0, train_loss=5.530, val_loss=3.990]
Epoch 3:  49%|████▉     | 80/164 [02:43<02:51,  0.49it/s, v_num=0, train_loss=5.530, val_loss=3.990]
Epoch 3:  49%|████▉     | 80/164 [02:43<02:51,  0.49it/s, v_num=0, train_loss=4.310, val_loss=3.990]
Epoch 3:  49%|████▉     | 81/164 [02:45<02:49,  0.49it/s, v_num=0, train_loss=4.310, val_loss=3.990]
Epoch 3:  49%|████▉     | 81/164 [02:45<02:49,  0.49it/s, v_num=0, train_loss=3.230, val_loss=3.990]
Epoch 3:  50%|█████     | 82/164 [02:47<02:47,  0.49it/s, v_num=0, train_loss=3.230, val_loss=3.990]
Epoch 3:  50%|█████     | 82/164 [02:47<02:47,  0.49it/s, v_num=0, train_loss=2.640, val_loss=3.990]
Epoch 3:  51%|█████     | 83/164 [02:49<02:45,  0.49it/s, v_num=0, train_loss=2.640, val_loss=3.990]
Epoch 3:  51%|█████     | 83/164 [02:49<02:45,  0.49it/s, v_num=0, train_loss=2.560, val_loss=3.990]
Epoch 3:  51%|█████     | 84/164 [02:51<02:43,  0.49it/s, v_num=0, train_loss=2.560, val_loss=3.990]
Epoch 3:  51%|█████     | 84/164 [02:51<02:43,  0.49it/s, v_num=0, train_loss=3.560, val_loss=3.990]
Epoch 3:  52%|█████▏    | 85/164 [02:53<02:41,  0.49it/s, v_num=0, train_loss=3.560, val_loss=3.990]
Epoch 3:  52%|█████▏    | 85/164 [02:53<02:41,  0.49it/s, v_num=0, train_loss=3.490, val_loss=3.990]
Epoch 3:  52%|█████▏    | 86/164 [02:55<02:39,  0.49it/s, v_num=0, train_loss=3.490, val_loss=3.990]
Epoch 3:  52%|█████▏    | 86/164 [02:55<02:39,  0.49it/s, v_num=0, train_loss=4.010, val_loss=3.990]
Epoch 3:  53%|█████▎    | 87/164 [02:57<02:37,  0.49it/s, v_num=0, train_loss=4.010, val_loss=3.990]
Epoch 3:  53%|█████▎    | 87/164 [02:57<02:37,  0.49it/s, v_num=0, train_loss=3.890, val_loss=3.990]
Epoch 3:  54%|█████▎    | 88/164 [02:59<02:35,  0.49it/s, v_num=0, train_loss=3.890, val_loss=3.990]
Epoch 3:  54%|█████▎    | 88/164 [02:59<02:35,  0.49it/s, v_num=0, train_loss=4.000, val_loss=3.990]
Epoch 3:  54%|█████▍    | 89/164 [03:01<02:33,  0.49it/s, v_num=0, train_loss=4.000, val_loss=3.990]
Epoch 3:  54%|█████▍    | 89/164 [03:01<02:33,  0.49it/s, v_num=0, train_loss=3.310, val_loss=3.990]
Epoch 3:  55%|█████▍    | 90/164 [03:03<02:30,  0.49it/s, v_num=0, train_loss=3.310, val_loss=3.990]
Epoch 3:  55%|█████▍    | 90/164 [03:03<02:31,  0.49it/s, v_num=0, train_loss=5.800, val_loss=3.990]
Epoch 3:  55%|█████▌    | 91/164 [03:05<02:28,  0.49it/s, v_num=0, train_loss=5.800, val_loss=3.990]
Epoch 3:  55%|█████▌    | 91/164 [03:05<02:29,  0.49it/s, v_num=0, train_loss=5.230, val_loss=3.990]
Epoch 3:  56%|█████▌    | 92/164 [03:07<02:26,  0.49it/s, v_num=0, train_loss=5.230, val_loss=3.990]
Epoch 3:  56%|█████▌    | 92/164 [03:07<02:26,  0.49it/s, v_num=0, train_loss=5.690, val_loss=3.990]
Epoch 3:  57%|█████▋    | 93/164 [03:09<02:24,  0.49it/s, v_num=0, train_loss=5.690, val_loss=3.990]
Epoch 3:  57%|█████▋    | 93/164 [03:09<02:24,  0.49it/s, v_num=0, train_loss=3.200, val_loss=3.990]
Epoch 3:  57%|█████▋    | 94/164 [03:11<02:22,  0.49it/s, v_num=0, train_loss=3.200, val_loss=3.990]
Epoch 3:  57%|█████▋    | 94/164 [03:11<02:22,  0.49it/s, v_num=0, train_loss=3.670, val_loss=3.990]
Epoch 3:  58%|█████▊    | 95/164 [03:13<02:20,  0.49it/s, v_num=0, train_loss=3.670, val_loss=3.990]
Epoch 3:  58%|█████▊    | 95/164 [03:13<02:20,  0.49it/s, v_num=0, train_loss=3.640, val_loss=3.990]
Epoch 3:  59%|█████▊    | 96/164 [03:15<02:18,  0.49it/s, v_num=0, train_loss=3.640, val_loss=3.990]
Epoch 3:  59%|█████▊    | 96/164 [03:15<02:18,  0.49it/s, v_num=0, train_loss=3.150, val_loss=3.990]
Epoch 3:  59%|█████▉    | 97/164 [03:17<02:16,  0.49it/s, v_num=0, train_loss=3.150, val_loss=3.990]
Epoch 3:  59%|█████▉    | 97/164 [03:18<02:16,  0.49it/s, v_num=0, train_loss=3.880, val_loss=3.990]
Epoch 3:  60%|█████▉    | 98/164 [03:19<02:14,  0.49it/s, v_num=0, train_loss=3.880, val_loss=3.990]
Epoch 3:  60%|█████▉    | 98/164 [03:20<02:14,  0.49it/s, v_num=0, train_loss=3.440, val_loss=3.990]
Epoch 3:  60%|██████    | 99/164 [03:21<02:12,  0.49it/s, v_num=0, train_loss=3.440, val_loss=3.990]
Epoch 3:  60%|██████    | 99/164 [03:22<02:12,  0.49it/s, v_num=0, train_loss=3.200, val_loss=3.990]
Epoch 3:  61%|██████    | 100/164 [03:24<02:10,  0.49it/s, v_num=0, train_loss=3.200, val_loss=3.990]
Epoch 3:  61%|██████    | 100/164 [03:24<02:10,  0.49it/s, v_num=0, train_loss=5.530, val_loss=3.990]
Epoch 3:  62%|██████▏   | 101/164 [03:26<02:08,  0.49it/s, v_num=0, train_loss=5.530, val_loss=3.990]
Epoch 3:  62%|██████▏   | 101/164 [03:26<02:08,  0.49it/s, v_num=0, train_loss=3.340, val_loss=3.990]
Epoch 3:  62%|██████▏   | 102/164 [03:28<02:06,  0.49it/s, v_num=0, train_loss=3.340, val_loss=3.990]
Epoch 3:  62%|██████▏   | 102/164 [03:28<02:06,  0.49it/s, v_num=0, train_loss=4.040, val_loss=3.990]
Epoch 3:  63%|██████▎   | 103/164 [03:30<02:04,  0.49it/s, v_num=0, train_loss=4.040, val_loss=3.990]
Epoch 3:  63%|██████▎   | 103/164 [03:30<02:04,  0.49it/s, v_num=0, train_loss=5.250, val_loss=3.990]
Epoch 3:  63%|██████▎   | 104/164 [03:32<02:02,  0.49it/s, v_num=0, train_loss=5.250, val_loss=3.990]
Epoch 3:  63%|██████▎   | 104/164 [03:32<02:02,  0.49it/s, v_num=0, train_loss=4.510, val_loss=3.990]
Epoch 3:  64%|██████▍   | 105/164 [03:34<02:00,  0.49it/s, v_num=0, train_loss=4.510, val_loss=3.990]
Epoch 3:  64%|██████▍   | 105/164 [03:34<02:00,  0.49it/s, v_num=0, train_loss=3.710, val_loss=3.990]
Epoch 3:  65%|██████▍   | 106/164 [03:36<01:58,  0.49it/s, v_num=0, train_loss=3.710, val_loss=3.990]
Epoch 3:  65%|██████▍   | 106/164 [03:36<01:58,  0.49it/s, v_num=0, train_loss=5.660, val_loss=3.990]
Epoch 3:  65%|██████▌   | 107/164 [03:38<01:56,  0.49it/s, v_num=0, train_loss=5.660, val_loss=3.990]
Epoch 3:  65%|██████▌   | 107/164 [03:38<01:56,  0.49it/s, v_num=0, train_loss=3.370, val_loss=3.990]
Epoch 3:  66%|██████▌   | 108/164 [03:40<01:54,  0.49it/s, v_num=0, train_loss=3.370, val_loss=3.990]
Epoch 3:  66%|██████▌   | 108/164 [03:40<01:54,  0.49it/s, v_num=0, train_loss=4.220, val_loss=3.990]
Epoch 3:  66%|██████▋   | 109/164 [03:42<01:52,  0.49it/s, v_num=0, train_loss=4.220, val_loss=3.990]
Epoch 3:  66%|██████▋   | 109/164 [03:42<01:52,  0.49it/s, v_num=0, train_loss=3.800, val_loss=3.990]
Epoch 3:  67%|██████▋   | 110/164 [03:44<01:50,  0.49it/s, v_num=0, train_loss=3.800, val_loss=3.990]
Epoch 3:  67%|██████▋   | 110/164 [03:44<01:50,  0.49it/s, v_num=0, train_loss=3.600, val_loss=3.990]
Epoch 3:  68%|██████▊   | 111/164 [03:46<01:48,  0.49it/s, v_num=0, train_loss=3.600, val_loss=3.990]
Epoch 3:  68%|██████▊   | 111/164 [03:46<01:48,  0.49it/s, v_num=0, train_loss=3.450, val_loss=3.990]
Epoch 3:  68%|██████▊   | 112/164 [03:48<01:46,  0.49it/s, v_num=0, train_loss=3.450, val_loss=3.990]
Epoch 3:  68%|██████▊   | 112/164 [03:48<01:46,  0.49it/s, v_num=0, train_loss=3.650, val_loss=3.990]
Epoch 3:  69%|██████▉   | 113/164 [03:50<01:44,  0.49it/s, v_num=0, train_loss=3.650, val_loss=3.990]
Epoch 3:  69%|██████▉   | 113/164 [03:50<01:44,  0.49it/s, v_num=0, train_loss=5.790, val_loss=3.990]
Epoch 3:  70%|██████▉   | 114/164 [03:52<01:42,  0.49it/s, v_num=0, train_loss=5.790, val_loss=3.990]
Epoch 3:  70%|██████▉   | 114/164 [03:52<01:42,  0.49it/s, v_num=0, train_loss=4.030, val_loss=3.990]
Epoch 3:  70%|███████   | 115/164 [03:54<01:39,  0.49it/s, v_num=0, train_loss=4.030, val_loss=3.990]
Epoch 3:  70%|███████   | 115/164 [03:54<01:40,  0.49it/s, v_num=0, train_loss=3.050, val_loss=3.990]
Epoch 3:  71%|███████   | 116/164 [03:56<01:37,  0.49it/s, v_num=0, train_loss=3.050, val_loss=3.990]
Epoch 3:  71%|███████   | 116/164 [03:56<01:37,  0.49it/s, v_num=0, train_loss=3.930, val_loss=3.990]
Epoch 3:  71%|███████▏  | 117/164 [03:58<01:35,  0.49it/s, v_num=0, train_loss=3.930, val_loss=3.990]
Epoch 3:  71%|███████▏  | 117/164 [03:58<01:35,  0.49it/s, v_num=0, train_loss=3.760, val_loss=3.990]
Epoch 3:  72%|███████▏  | 118/164 [04:00<01:33,  0.49it/s, v_num=0, train_loss=3.760, val_loss=3.990]
Epoch 3:  72%|███████▏  | 118/164 [04:00<01:33,  0.49it/s, v_num=0, train_loss=4.300, val_loss=3.990]
Epoch 3:  73%|███████▎  | 119/164 [04:02<01:31,  0.49it/s, v_num=0, train_loss=4.300, val_loss=3.990]
Epoch 3:  73%|███████▎  | 119/164 [04:02<01:31,  0.49it/s, v_num=0, train_loss=3.670, val_loss=3.990]
Epoch 3:  73%|███████▎  | 120/164 [04:04<01:29,  0.49it/s, v_num=0, train_loss=3.670, val_loss=3.990]
Epoch 3:  73%|███████▎  | 120/164 [04:04<01:29,  0.49it/s, v_num=0, train_loss=4.180, val_loss=3.990]
Epoch 3:  74%|███████▍  | 121/164 [04:06<01:27,  0.49it/s, v_num=0, train_loss=4.180, val_loss=3.990]
Epoch 3:  74%|███████▍  | 121/164 [04:06<01:27,  0.49it/s, v_num=0, train_loss=2.990, val_loss=3.990]
Epoch 3:  74%|███████▍  | 122/164 [04:08<01:25,  0.49it/s, v_num=0, train_loss=2.990, val_loss=3.990]
Epoch 3:  74%|███████▍  | 122/164 [04:08<01:25,  0.49it/s, v_num=0, train_loss=3.700, val_loss=3.990]
Epoch 3:  75%|███████▌  | 123/164 [04:10<01:23,  0.49it/s, v_num=0, train_loss=3.700, val_loss=3.990]
Epoch 3:  75%|███████▌  | 123/164 [04:11<01:23,  0.49it/s, v_num=0, train_loss=2.760, val_loss=3.990]
Epoch 3:  76%|███████▌  | 124/164 [04:12<01:21,  0.49it/s, v_num=0, train_loss=2.760, val_loss=3.990]
Epoch 3:  76%|███████▌  | 124/164 [04:13<01:21,  0.49it/s, v_num=0, train_loss=5.380, val_loss=3.990]
Epoch 3:  76%|███████▌  | 125/164 [04:15<01:19,  0.49it/s, v_num=0, train_loss=5.380, val_loss=3.990]
Epoch 3:  76%|███████▌  | 125/164 [04:15<01:19,  0.49it/s, v_num=0, train_loss=3.330, val_loss=3.990]
Epoch 3:  77%|███████▋  | 126/164 [04:17<01:17,  0.49it/s, v_num=0, train_loss=3.330, val_loss=3.990]
Epoch 3:  77%|███████▋  | 126/164 [04:17<01:17,  0.49it/s, v_num=0, train_loss=3.370, val_loss=3.990]
Epoch 3:  77%|███████▋  | 127/164 [04:19<01:15,  0.49it/s, v_num=0, train_loss=3.370, val_loss=3.990]
Epoch 3:  77%|███████▋  | 127/164 [04:19<01:15,  0.49it/s, v_num=0, train_loss=3.500, val_loss=3.990]
Epoch 3:  78%|███████▊  | 128/164 [04:21<01:13,  0.49it/s, v_num=0, train_loss=3.500, val_loss=3.990]
Epoch 3:  78%|███████▊  | 128/164 [04:21<01:13,  0.49it/s, v_num=0, train_loss=5.380, val_loss=3.990]
Epoch 3:  79%|███████▊  | 129/164 [04:23<01:11,  0.49it/s, v_num=0, train_loss=5.380, val_loss=3.990]
Epoch 3:  79%|███████▊  | 129/164 [04:23<01:11,  0.49it/s, v_num=0, train_loss=2.810, val_loss=3.990]
Epoch 3:  79%|███████▉  | 130/164 [04:25<01:09,  0.49it/s, v_num=0, train_loss=2.810, val_loss=3.990]
Epoch 3:  79%|███████▉  | 130/164 [04:25<01:09,  0.49it/s, v_num=0, train_loss=3.330, val_loss=3.990]
Epoch 3:  80%|███████▉  | 131/164 [04:27<01:07,  0.49it/s, v_num=0, train_loss=3.330, val_loss=3.990]
Epoch 3:  80%|███████▉  | 131/164 [04:27<01:07,  0.49it/s, v_num=0, train_loss=3.770, val_loss=3.990]
Epoch 3:  80%|████████  | 132/164 [04:29<01:05,  0.49it/s, v_num=0, train_loss=3.770, val_loss=3.990]
Epoch 3:  80%|████████  | 132/164 [04:29<01:05,  0.49it/s, v_num=0, train_loss=4.160, val_loss=3.990]
Epoch 3:  81%|████████  | 133/164 [04:31<01:03,  0.49it/s, v_num=0, train_loss=4.160, val_loss=3.990]
Epoch 3:  81%|████████  | 133/164 [04:31<01:03,  0.49it/s, v_num=0, train_loss=4.810, val_loss=3.990]
Epoch 3:  82%|████████▏ | 134/164 [04:33<01:01,  0.49it/s, v_num=0, train_loss=4.810, val_loss=3.990]
Epoch 3:  82%|████████▏ | 134/164 [04:33<01:01,  0.49it/s, v_num=0, train_loss=5.720, val_loss=3.990]
Epoch 3:  82%|████████▏ | 135/164 [04:35<00:59,  0.49it/s, v_num=0, train_loss=5.720, val_loss=3.990]
Epoch 3:  82%|████████▏ | 135/164 [04:35<00:59,  0.49it/s, v_num=0, train_loss=2.350, val_loss=3.990]
Epoch 3:  83%|████████▎ | 136/164 [04:37<00:57,  0.49it/s, v_num=0, train_loss=2.350, val_loss=3.990]
Epoch 3:  83%|████████▎ | 136/164 [04:37<00:57,  0.49it/s, v_num=0, train_loss=2.780, val_loss=3.990]
Epoch 3:  84%|████████▎ | 137/164 [04:39<00:55,  0.49it/s, v_num=0, train_loss=2.780, val_loss=3.990]
Epoch 3:  84%|████████▎ | 137/164 [04:39<00:55,  0.49it/s, v_num=0, train_loss=5.300, val_loss=3.990]
Epoch 3:  84%|████████▍ | 138/164 [04:41<00:53,  0.49it/s, v_num=0, train_loss=5.300, val_loss=3.990]
Epoch 3:  84%|████████▍ | 138/164 [04:41<00:53,  0.49it/s, v_num=0, train_loss=5.730, val_loss=3.990]
Epoch 3:  85%|████████▍ | 139/164 [04:43<00:50,  0.49it/s, v_num=0, train_loss=5.730, val_loss=3.990]
Epoch 3:  85%|████████▍ | 139/164 [04:43<00:51,  0.49it/s, v_num=0, train_loss=2.600, val_loss=3.990]
Epoch 3:  85%|████████▌ | 140/164 [04:45<00:48,  0.49it/s, v_num=0, train_loss=2.600, val_loss=3.990]
Epoch 3:  85%|████████▌ | 140/164 [04:45<00:48,  0.49it/s, v_num=0, train_loss=3.060, val_loss=3.990]
Epoch 3:  86%|████████▌ | 141/164 [04:47<00:46,  0.49it/s, v_num=0, train_loss=3.060, val_loss=3.990]
Epoch 3:  86%|████████▌ | 141/164 [04:47<00:46,  0.49it/s, v_num=0, train_loss=3.270, val_loss=3.990]
Epoch 3:  87%|████████▋ | 142/164 [04:49<00:44,  0.49it/s, v_num=0, train_loss=3.270, val_loss=3.990]
Epoch 3:  87%|████████▋ | 142/164 [04:49<00:44,  0.49it/s, v_num=0, train_loss=5.460, val_loss=3.990]
Epoch 3:  87%|████████▋ | 143/164 [04:51<00:42,  0.49it/s, v_num=0, train_loss=5.460, val_loss=3.990]
Epoch 3:  87%|████████▋ | 143/164 [04:51<00:42,  0.49it/s, v_num=0, train_loss=3.670, val_loss=3.990]
Epoch 3:  88%|████████▊ | 144/164 [04:53<00:40,  0.49it/s, v_num=0, train_loss=3.670, val_loss=3.990]
Epoch 3:  88%|████████▊ | 144/164 [04:53<00:40,  0.49it/s, v_num=0, train_loss=5.220, val_loss=3.990]
Epoch 3:  88%|████████▊ | 145/164 [04:55<00:38,  0.49it/s, v_num=0, train_loss=5.220, val_loss=3.990]
Epoch 3:  88%|████████▊ | 145/164 [04:55<00:38,  0.49it/s, v_num=0, train_loss=4.110, val_loss=3.990]
Epoch 3:  89%|████████▉ | 146/164 [04:57<00:36,  0.49it/s, v_num=0, train_loss=4.110, val_loss=3.990]
Epoch 3:  89%|████████▉ | 146/164 [04:57<00:36,  0.49it/s, v_num=0, train_loss=3.540, val_loss=3.990]
Epoch 3:  90%|████████▉ | 147/164 [04:59<00:34,  0.49it/s, v_num=0, train_loss=3.540, val_loss=3.990]
Epoch 3:  90%|████████▉ | 147/164 [04:59<00:34,  0.49it/s, v_num=0, train_loss=3.710, val_loss=3.990]
Epoch 3:  90%|█████████ | 148/164 [05:01<00:32,  0.49it/s, v_num=0, train_loss=3.710, val_loss=3.990]
Epoch 3:  90%|█████████ | 148/164 [05:01<00:32,  0.49it/s, v_num=0, train_loss=3.180, val_loss=3.990]
Epoch 3:  91%|█████████ | 149/164 [05:03<00:30,  0.49it/s, v_num=0, train_loss=3.180, val_loss=3.990]
Epoch 3:  91%|█████████ | 149/164 [05:03<00:30,  0.49it/s, v_num=0, train_loss=3.400, val_loss=3.990]
Epoch 3:  91%|█████████▏| 150/164 [05:05<00:28,  0.49it/s, v_num=0, train_loss=3.400, val_loss=3.990]
Epoch 3:  91%|█████████▏| 150/164 [05:06<00:28,  0.49it/s, v_num=0, train_loss=5.350, val_loss=3.990]
Epoch 3:  92%|█████████▏| 151/164 [05:07<00:26,  0.49it/s, v_num=0, train_loss=5.350, val_loss=3.990]
Epoch 3:  92%|█████████▏| 151/164 [05:08<00:26,  0.49it/s, v_num=0, train_loss=3.190, val_loss=3.990]
Epoch 3:  93%|█████████▎| 152/164 [05:09<00:24,  0.49it/s, v_num=0, train_loss=3.190, val_loss=3.990]
Epoch 3:  93%|█████████▎| 152/164 [05:10<00:24,  0.49it/s, v_num=0, train_loss=3.160, val_loss=3.990]
Epoch 3:  93%|█████████▎| 153/164 [05:12<00:22,  0.49it/s, v_num=0, train_loss=3.160, val_loss=3.990]
Epoch 3:  93%|█████████▎| 153/164 [05:12<00:22,  0.49it/s, v_num=0, train_loss=5.330, val_loss=3.990]
Epoch 3:  94%|█████████▍| 154/164 [05:14<00:20,  0.49it/s, v_num=0, train_loss=5.330, val_loss=3.990]
Epoch 3:  94%|█████████▍| 154/164 [05:14<00:20,  0.49it/s, v_num=0, train_loss=3.720, val_loss=3.990]
Epoch 3:  95%|█████████▍| 155/164 [05:16<00:18,  0.49it/s, v_num=0, train_loss=3.720, val_loss=3.990]
Epoch 3:  95%|█████████▍| 155/164 [05:16<00:18,  0.49it/s, v_num=0, train_loss=2.790, val_loss=3.990]
Epoch 3:  95%|█████████▌| 156/164 [05:18<00:16,  0.49it/s, v_num=0, train_loss=2.790, val_loss=3.990]
Epoch 3:  95%|█████████▌| 156/164 [05:18<00:16,  0.49it/s, v_num=0, train_loss=3.760, val_loss=3.990]
Epoch 3:  96%|█████████▌| 157/164 [05:20<00:14,  0.49it/s, v_num=0, train_loss=3.760, val_loss=3.990]
Epoch 3:  96%|█████████▌| 157/164 [05:20<00:14,  0.49it/s, v_num=0, train_loss=3.340, val_loss=3.990]
Epoch 3:  96%|█████████▋| 158/164 [05:22<00:12,  0.49it/s, v_num=0, train_loss=3.340, val_loss=3.990]
Epoch 3:  96%|█████████▋| 158/164 [05:22<00:12,  0.49it/s, v_num=0, train_loss=2.720, val_loss=3.990]
Epoch 3:  97%|█████████▋| 159/164 [05:24<00:10,  0.49it/s, v_num=0, train_loss=2.720, val_loss=3.990]
Epoch 3:  97%|█████████▋| 159/164 [05:24<00:10,  0.49it/s, v_num=0, train_loss=3.540, val_loss=3.990]
Epoch 3:  98%|█████████▊| 160/164 [05:26<00:08,  0.49it/s, v_num=0, train_loss=3.540, val_loss=3.990]
Epoch 3:  98%|█████████▊| 160/164 [05:26<00:08,  0.49it/s, v_num=0, train_loss=3.310, val_loss=3.990]
Epoch 3:  98%|█████████▊| 161/164 [05:28<00:06,  0.49it/s, v_num=0, train_loss=3.310, val_loss=3.990]
Epoch 3:  98%|█████████▊| 161/164 [05:28<00:06,  0.49it/s, v_num=0, train_loss=3.930, val_loss=3.990]
Epoch 3:  99%|█████████▉| 162/164 [05:30<00:04,  0.49it/s, v_num=0, train_loss=3.930, val_loss=3.990]
Epoch 3:  99%|█████████▉| 162/164 [05:30<00:04,  0.49it/s, v_num=0, train_loss=5.480, val_loss=3.990]
Epoch 3:  99%|█████████▉| 163/164 [05:32<00:02,  0.49it/s, v_num=0, train_loss=5.480, val_loss=3.990]
Epoch 3:  99%|█████████▉| 163/164 [05:32<00:02,  0.49it/s, v_num=0, train_loss=3.580, val_loss=3.990]
Epoch 3: 100%|██████████| 164/164 [05:34<00:00,  0.49it/s, v_num=0, train_loss=3.580, val_loss=3.990]
Epoch 3: 100%|██████████| 164/164 [05:34<00:00,  0.49it/s, v_num=0, train_loss=3.190, val_loss=3.990]

Validation: |          | 0/? [00:00<?, ?it/s][A

Validation:   0%|          | 0/126 [00:00<?, ?it/s][A

Validation DataLoader 0:   0%|          | 0/126 [00:00<?, ?it/s][A

Validation DataLoader 0:   1%|          | 1/126 [00:01<02:37,  0.79it/s][A

Validation DataLoader 0:   2%|▏         | 2/126 [00:02<02:36,  0.79it/s][A

Validation DataLoader 0:   2%|▏         | 3/126 [00:03<02:35,  0.79it/s][A

Validation DataLoader 0:   3%|▎         | 4/126 [00:05<02:34,  0.79it/s][A

Validation DataLoader 0:   4%|▍         | 5/126 [00:06<02:32,  0.79it/s][A

Validation DataLoader 0:   5%|▍         | 6/126 [00:07<02:31,  0.79it/s][A

Validation DataLoader 0:   6%|▌         | 7/126 [00:08<02:30,  0.79it/s][A

Validation DataLoader 0:   6%|▋         | 8/126 [00:10<02:29,  0.79it/s][A

Validation DataLoader 0:   7%|▋         | 9/126 [00:11<02:28,  0.79it/s][A

Validation DataLoader 0:   8%|▊         | 10/126 [00:12<02:26,  0.79it/s][A

Validation DataLoader 0:   9%|▊         | 11/126 [00:13<02:25,  0.79it/s][A

Validation DataLoader 0:  10%|▉         | 12/126 [00:15<02:24,  0.79it/s][A

Validation DataLoader 0:  10%|█         | 13/126 [00:16<02:23,  0.79it/s][A

Validation DataLoader 0:  11%|█         | 14/126 [00:17<02:21,  0.79it/s][A

Validation DataLoader 0:  12%|█▏        | 15/126 [00:18<02:20,  0.79it/s][A

Validation DataLoader 0:  13%|█▎        | 16/126 [00:20<02:19,  0.79it/s][A

Validation DataLoader 0:  13%|█▎        | 17/126 [00:21<02:18,  0.79it/s][A

Validation DataLoader 0:  14%|█▍        | 18/126 [00:22<02:16,  0.79it/s][A

Validation DataLoader 0:  15%|█▌        | 19/126 [00:24<02:15,  0.79it/s][A

Validation DataLoader 0:  16%|█▌        | 20/126 [00:25<02:14,  0.79it/s][A

Validation DataLoader 0:  17%|█▋        | 21/126 [00:26<02:12,  0.79it/s][A

Validation DataLoader 0:  17%|█▋        | 22/126 [00:27<02:11,  0.79it/s][A

Validation DataLoader 0:  18%|█▊        | 23/126 [00:29<02:10,  0.79it/s][A

Validation DataLoader 0:  19%|█▉        | 24/126 [00:30<02:09,  0.79it/s][A

Validation DataLoader 0:  20%|█▉        | 25/126 [00:31<02:07,  0.79it/s][A

Validation DataLoader 0:  21%|██        | 26/126 [00:32<02:06,  0.79it/s][A

Validation DataLoader 0:  21%|██▏       | 27/126 [00:34<02:05,  0.79it/s][A

Validation DataLoader 0:  22%|██▏       | 28/126 [00:35<02:04,  0.79it/s][A

Validation DataLoader 0:  23%|██▎       | 29/126 [00:36<02:02,  0.79it/s][A

Validation DataLoader 0:  24%|██▍       | 30/126 [00:37<02:01,  0.79it/s][A

Validation DataLoader 0:  25%|██▍       | 31/126 [00:39<02:00,  0.79it/s][A

Validation DataLoader 0:  25%|██▌       | 32/126 [00:40<01:59,  0.79it/s][A

Validation DataLoader 0:  26%|██▌       | 33/126 [00:41<01:57,  0.79it/s][A

Validation DataLoader 0:  27%|██▋       | 34/126 [00:43<01:56,  0.79it/s][A

Validation DataLoader 0:  28%|██▊       | 35/126 [00:44<01:55,  0.79it/s][A

Validation DataLoader 0:  29%|██▊       | 36/126 [00:45<01:53,  0.79it/s][A

Validation DataLoader 0:  29%|██▉       | 37/126 [00:46<01:52,  0.79it/s][A

Validation DataLoader 0:  30%|███       | 38/126 [00:48<01:51,  0.79it/s][A

Validation DataLoader 0:  31%|███       | 39/126 [00:49<01:50,  0.79it/s][A

Validation DataLoader 0:  32%|███▏      | 40/126 [00:50<01:48,  0.79it/s][A

Validation DataLoader 0:  33%|███▎      | 41/126 [00:51<01:47,  0.79it/s][A

Validation DataLoader 0:  33%|███▎      | 42/126 [00:53<01:46,  0.79it/s][A

Validation DataLoader 0:  34%|███▍      | 43/126 [00:54<01:45,  0.79it/s][A

Validation DataLoader 0:  35%|███▍      | 44/126 [00:55<01:43,  0.79it/s][A

Validation DataLoader 0:  36%|███▌      | 45/126 [00:56<01:42,  0.79it/s][A

Validation DataLoader 0:  37%|███▋      | 46/126 [00:58<01:41,  0.79it/s][A

Validation DataLoader 0:  37%|███▋      | 47/126 [00:59<01:40,  0.79it/s][A

Validation DataLoader 0:  38%|███▊      | 48/126 [01:00<01:38,  0.79it/s][A

Validation DataLoader 0:  39%|███▉      | 49/126 [01:02<01:37,  0.79it/s][A

Validation DataLoader 0:  40%|███▉      | 50/126 [01:03<01:36,  0.79it/s][A

Validation DataLoader 0:  40%|████      | 51/126 [01:04<01:34,  0.79it/s][A

Validation DataLoader 0:  41%|████▏     | 52/126 [01:05<01:33,  0.79it/s][A

Validation DataLoader 0:  42%|████▏     | 53/126 [01:07<01:32,  0.79it/s][A

Validation DataLoader 0:  43%|████▎     | 54/126 [01:08<01:31,  0.79it/s][A

Validation DataLoader 0:  44%|████▎     | 55/126 [01:09<01:29,  0.79it/s][A

Validation DataLoader 0:  44%|████▍     | 56/126 [01:10<01:28,  0.79it/s][A

Validation DataLoader 0:  45%|████▌     | 57/126 [01:12<01:27,  0.79it/s][A

Validation DataLoader 0:  46%|████▌     | 58/126 [01:13<01:26,  0.79it/s][A

Validation DataLoader 0:  47%|████▋     | 59/126 [01:14<01:24,  0.79it/s][A

Validation DataLoader 0:  48%|████▊     | 60/126 [01:15<01:23,  0.79it/s][A

Validation DataLoader 0:  48%|████▊     | 61/126 [01:17<01:22,  0.79it/s][A

Validation DataLoader 0:  49%|████▉     | 62/126 [01:18<01:21,  0.79it/s][A

Validation DataLoader 0:  50%|█████     | 63/126 [01:19<01:19,  0.79it/s][A

Validation DataLoader 0:  51%|█████     | 64/126 [01:21<01:18,  0.79it/s][A

Validation DataLoader 0:  52%|█████▏    | 65/126 [01:22<01:17,  0.79it/s][A

Validation DataLoader 0:  52%|█████▏    | 66/126 [01:23<01:15,  0.79it/s][A

Validation DataLoader 0:  53%|█████▎    | 67/126 [01:24<01:14,  0.79it/s][A

Validation DataLoader 0:  54%|█████▍    | 68/126 [01:26<01:13,  0.79it/s][A

Validation DataLoader 0:  55%|█████▍    | 69/126 [01:27<01:12,  0.79it/s][A

Validation DataLoader 0:  56%|█████▌    | 70/126 [01:28<01:10,  0.79it/s][A

Validation DataLoader 0:  56%|█████▋    | 71/126 [01:29<01:09,  0.79it/s][A

Validation DataLoader 0:  57%|█████▋    | 72/126 [01:31<01:08,  0.79it/s][A

Validation DataLoader 0:  58%|█████▊    | 73/126 [01:32<01:07,  0.79it/s][A

Validation DataLoader 0:  59%|█████▊    | 74/126 [01:33<01:05,  0.79it/s][A

Validation DataLoader 0:  60%|█████▉    | 75/126 [01:34<01:04,  0.79it/s][A

Validation DataLoader 0:  60%|██████    | 76/126 [01:36<01:03,  0.79it/s][A

Validation DataLoader 0:  61%|██████    | 77/126 [01:37<01:02,  0.79it/s][A

Validation DataLoader 0:  62%|██████▏   | 78/126 [01:38<01:00,  0.79it/s][A

Validation DataLoader 0:  63%|██████▎   | 79/126 [01:40<00:59,  0.79it/s][A

Validation DataLoader 0:  63%|██████▎   | 80/126 [01:41<00:58,  0.79it/s][A

Validation DataLoader 0:  64%|██████▍   | 81/126 [01:42<00:56,  0.79it/s][A

Validation DataLoader 0:  65%|██████▌   | 82/126 [01:43<00:55,  0.79it/s][A

Validation DataLoader 0:  66%|██████▌   | 83/126 [01:45<00:54,  0.79it/s][A

Validation DataLoader 0:  67%|██████▋   | 84/126 [01:46<00:53,  0.79it/s][A

Validation DataLoader 0:  67%|██████▋   | 85/126 [01:47<00:51,  0.79it/s][A

Validation DataLoader 0:  68%|██████▊   | 86/126 [01:48<00:50,  0.79it/s][A

Validation DataLoader 0:  69%|██████▉   | 87/126 [01:50<00:49,  0.79it/s][A

Validation DataLoader 0:  70%|██████▉   | 88/126 [01:51<00:48,  0.79it/s][A

Validation DataLoader 0:  71%|███████   | 89/126 [01:52<00:46,  0.79it/s][A

Validation DataLoader 0:  71%|███████▏  | 90/126 [01:53<00:45,  0.79it/s][A

Validation DataLoader 0:  72%|███████▏  | 91/126 [01:55<00:44,  0.79it/s][A

Validation DataLoader 0:  73%|███████▎  | 92/126 [01:56<00:43,  0.79it/s][A

Validation DataLoader 0:  74%|███████▍  | 93/126 [01:57<00:41,  0.79it/s][A

Validation DataLoader 0:  75%|███████▍  | 94/126 [01:59<00:40,  0.79it/s][A

Validation DataLoader 0:  75%|███████▌  | 95/126 [02:00<00:39,  0.79it/s][A

Validation DataLoader 0:  76%|███████▌  | 96/126 [02:01<00:37,  0.79it/s][A

Validation DataLoader 0:  77%|███████▋  | 97/126 [02:02<00:36,  0.79it/s][A

Validation DataLoader 0:  78%|███████▊  | 98/126 [02:04<00:35,  0.79it/s][A

Validation DataLoader 0:  79%|███████▊  | 99/126 [02:05<00:34,  0.79it/s][A

Validation DataLoader 0:  79%|███████▉  | 100/126 [02:06<00:32,  0.79it/s][A

Validation DataLoader 0:  80%|████████  | 101/126 [02:07<00:31,  0.79it/s][A

Validation DataLoader 0:  81%|████████  | 102/126 [02:09<00:30,  0.79it/s][A

Validation DataLoader 0:  82%|████████▏ | 103/126 [02:10<00:29,  0.79it/s][A

Validation DataLoader 0:  83%|████████▎ | 104/126 [02:11<00:27,  0.79it/s][A

Validation DataLoader 0:  83%|████████▎ | 105/126 [02:12<00:26,  0.79it/s][A

Validation DataLoader 0:  84%|████████▍ | 106/126 [02:14<00:25,  0.79it/s][A

Validation DataLoader 0:  85%|████████▍ | 107/126 [02:15<00:24,  0.79it/s][A

Validation DataLoader 0:  86%|████████▌ | 108/126 [02:16<00:22,  0.79it/s][A

Validation DataLoader 0:  87%|████████▋ | 109/126 [02:18<00:21,  0.79it/s][A

Validation DataLoader 0:  87%|████████▋ | 110/126 [02:19<00:20,  0.79it/s][A

Validation DataLoader 0:  88%|████████▊ | 111/126 [02:20<00:18,  0.79it/s][A

Validation DataLoader 0:  89%|████████▉ | 112/126 [02:21<00:17,  0.79it/s][A

Validation DataLoader 0:  90%|████████▉ | 113/126 [02:23<00:16,  0.79it/s][A

Validation DataLoader 0:  90%|█████████ | 114/126 [02:24<00:15,  0.79it/s][A

Validation DataLoader 0:  91%|█████████▏| 115/126 [02:25<00:13,  0.79it/s][A

Validation DataLoader 0:  92%|█████████▏| 116/126 [02:26<00:12,  0.79it/s][A

Validation DataLoader 0:  93%|█████████▎| 117/126 [02:28<00:11,  0.79it/s][A

Validation DataLoader 0:  94%|█████████▎| 118/126 [02:29<00:10,  0.79it/s][A

Validation DataLoader 0:  94%|█████████▍| 119/126 [02:30<00:08,  0.79it/s][A

Validation DataLoader 0:  95%|█████████▌| 120/126 [02:31<00:07,  0.79it/s][A

Validation DataLoader 0:  96%|█████████▌| 121/126 [02:33<00:06,  0.79it/s][A

Validation DataLoader 0:  97%|█████████▋| 122/126 [02:34<00:05,  0.79it/s][A

Validation DataLoader 0:  98%|█████████▊| 123/126 [02:35<00:03,  0.79it/s][A

Validation DataLoader 0:  98%|█████████▊| 124/126 [02:37<00:02,  0.79it/s][A

Validation DataLoader 0:  99%|█████████▉| 125/126 [02:38<00:01,  0.79it/s][A

Validation DataLoader 0: 100%|██████████| 126/126 [02:39<00:00,  0.79it/s][A

                                                                          [A
Epoch 3: 100%|██████████| 164/164 [08:14<00:00,  0.33it/s, v_num=0, train_loss=3.190, val_loss=3.730]
Epoch 3: 100%|██████████| 164/164 [08:14<00:00,  0.33it/s, v_num=0, train_loss=3.190, val_loss=3.730]
Epoch 3:   0%|          | 0/164 [00:00<?, ?it/s, v_num=0, train_loss=3.190, val_loss=3.730]          
Epoch 4:   0%|          | 0/164 [00:00<?, ?it/s, v_num=0, train_loss=3.190, val_loss=3.730]
Epoch 4:   1%|          | 1/164 [00:02<06:46,  0.40it/s, v_num=0, train_loss=3.190, val_loss=3.730]
Epoch 4:   1%|          | 1/164 [00:02<07:02,  0.39it/s, v_num=0, train_loss=2.920, val_loss=3.730]
Epoch 4:   1%|          | 2/164 [00:04<06:03,  0.45it/s, v_num=0, train_loss=2.920, val_loss=3.730]
Epoch 4:   1%|          | 2/164 [00:04<06:10,  0.44it/s, v_num=0, train_loss=3.440, val_loss=3.730]
Epoch 4:   2%|▏         | 3/164 [00:06<05:47,  0.46it/s, v_num=0, train_loss=3.440, val_loss=3.730]
Epoch 4:   2%|▏         | 3/164 [00:06<05:52,  0.46it/s, v_num=0, train_loss=3.880, val_loss=3.730]
Epoch 4:   2%|▏         | 4/164 [00:08<05:38,  0.47it/s, v_num=0, train_loss=3.880, val_loss=3.730]
Epoch 4:   2%|▏         | 4/164 [00:08<05:42,  0.47it/s, v_num=0, train_loss=4.110, val_loss=3.730]
Epoch 4:   3%|▎         | 5/164 [00:10<05:32,  0.48it/s, v_num=0, train_loss=4.110, val_loss=3.730]
Epoch 4:   3%|▎         | 5/164 [00:10<05:35,  0.47it/s, v_num=0, train_loss=3.830, val_loss=3.730]
Epoch 4:   4%|▎         | 6/164 [00:12<05:28,  0.48it/s, v_num=0, train_loss=3.830, val_loss=3.730]
Epoch 4:   4%|▎         | 6/164 [00:12<05:30,  0.48it/s, v_num=0, train_loss=3.700, val_loss=3.730]
Epoch 4:   4%|▍         | 7/164 [00:14<05:24,  0.48it/s, v_num=0, train_loss=3.700, val_loss=3.730]
Epoch 4:   4%|▍         | 7/164 [00:14<05:27,  0.48it/s, v_num=0, train_loss=2.780, val_loss=3.730]
Epoch 4:   5%|▍         | 8/164 [00:16<05:21,  0.48it/s, v_num=0, train_loss=2.780, val_loss=3.730]
Epoch 4:   5%|▍         | 8/164 [00:16<05:23,  0.48it/s, v_num=0, train_loss=3.090, val_loss=3.730]
Epoch 4:   5%|▌         | 9/164 [00:18<05:19,  0.49it/s, v_num=0, train_loss=3.090, val_loss=3.730]
Epoch 4:   5%|▌         | 9/164 [00:18<05:20,  0.48it/s, v_num=0, train_loss=3.590, val_loss=3.730]
Epoch 4:   6%|▌         | 10/164 [00:20<05:16,  0.49it/s, v_num=0, train_loss=3.590, val_loss=3.730]
Epoch 4:   6%|▌         | 10/164 [00:20<05:18,  0.48it/s, v_num=0, train_loss=3.080, val_loss=3.730]
Epoch 4:   7%|▋         | 11/164 [00:22<05:14,  0.49it/s, v_num=0, train_loss=3.080, val_loss=3.730]
Epoch 4:   7%|▋         | 11/164 [00:22<05:15,  0.48it/s, v_num=0, train_loss=2.700, val_loss=3.730]
Epoch 4:   7%|▋         | 12/164 [00:24<05:11,  0.49it/s, v_num=0, train_loss=2.700, val_loss=3.730]
Epoch 4:   7%|▋         | 12/164 [00:24<05:13,  0.49it/s, v_num=0, train_loss=3.170, val_loss=3.730]
Epoch 4:   8%|▊         | 13/164 [00:26<05:09,  0.49it/s, v_num=0, train_loss=3.170, val_loss=3.730]
Epoch 4:   8%|▊         | 13/164 [00:26<05:10,  0.49it/s, v_num=0, train_loss=5.600, val_loss=3.730]
Epoch 4:   9%|▊         | 14/164 [00:28<05:07,  0.49it/s, v_num=0, train_loss=5.600, val_loss=3.730]
Epoch 4:   9%|▊         | 14/164 [00:28<05:08,  0.49it/s, v_num=0, train_loss=3.630, val_loss=3.730]
Epoch 4:   9%|▉         | 15/164 [00:30<05:05,  0.49it/s, v_num=0, train_loss=3.630, val_loss=3.730]
Epoch 4:   9%|▉         | 15/164 [00:30<05:06,  0.49it/s, v_num=0, train_loss=2.920, val_loss=3.730]
Epoch 4:  10%|▉         | 16/164 [00:32<05:02,  0.49it/s, v_num=0, train_loss=2.920, val_loss=3.730]
Epoch 4:  10%|▉         | 16/164 [00:32<05:03,  0.49it/s, v_num=0, train_loss=3.140, val_loss=3.730]
Epoch 4:  10%|█         | 17/164 [00:34<05:00,  0.49it/s, v_num=0, train_loss=3.140, val_loss=3.730]
Epoch 4:  10%|█         | 17/164 [00:34<05:01,  0.49it/s, v_num=0, train_loss=3.620, val_loss=3.730]
Epoch 4:  11%|█         | 18/164 [00:36<04:58,  0.49it/s, v_num=0, train_loss=3.620, val_loss=3.730]
Epoch 4:  11%|█         | 18/164 [00:36<04:59,  0.49it/s, v_num=0, train_loss=5.080, val_loss=3.730]
Epoch 4:  12%|█▏        | 19/164 [00:38<04:56,  0.49it/s, v_num=0, train_loss=5.080, val_loss=3.730]
Epoch 4:  12%|█▏        | 19/164 [00:38<04:57,  0.49it/s, v_num=0, train_loss=2.980, val_loss=3.730]
Epoch 4:  12%|█▏        | 20/164 [00:40<04:54,  0.49it/s, v_num=0, train_loss=2.980, val_loss=3.730]
Epoch 4:  12%|█▏        | 20/164 [00:40<04:54,  0.49it/s, v_num=0, train_loss=3.620, val_loss=3.730]
Epoch 4:  13%|█▎        | 21/164 [00:42<04:52,  0.49it/s, v_num=0, train_loss=3.620, val_loss=3.730]
Epoch 4:  13%|█▎        | 21/164 [00:42<04:52,  0.49it/s, v_num=0, train_loss=2.400, val_loss=3.730]
Epoch 4:  13%|█▎        | 22/164 [00:44<04:50,  0.49it/s, v_num=0, train_loss=2.400, val_loss=3.730]
Epoch 4:  13%|█▎        | 22/164 [00:45<04:50,  0.49it/s, v_num=0, train_loss=4.980, val_loss=3.730]
Epoch 4:  14%|█▍        | 23/164 [00:46<04:47,  0.49it/s, v_num=0, train_loss=4.980, val_loss=3.730]
Epoch 4:  14%|█▍        | 23/164 [00:47<04:48,  0.49it/s, v_num=0, train_loss=3.280, val_loss=3.730]
Epoch 4:  15%|█▍        | 24/164 [00:49<04:45,  0.49it/s, v_num=0, train_loss=3.280, val_loss=3.730]
Epoch 4:  15%|█▍        | 24/164 [00:49<04:46,  0.49it/s, v_num=0, train_loss=3.410, val_loss=3.730]
Epoch 4:  15%|█▌        | 25/164 [00:51<04:43,  0.49it/s, v_num=0, train_loss=3.410, val_loss=3.730]
Epoch 4:  15%|█▌        | 25/164 [00:51<04:44,  0.49it/s, v_num=0, train_loss=3.390, val_loss=3.730]
Epoch 4:  16%|█▌        | 26/164 [00:53<04:41,  0.49it/s, v_num=0, train_loss=3.390, val_loss=3.730]
Epoch 4:  16%|█▌        | 26/164 [00:53<04:42,  0.49it/s, v_num=0, train_loss=5.770, val_loss=3.730]
Epoch 4:  16%|█▋        | 27/164 [00:55<04:39,  0.49it/s, v_num=0, train_loss=5.770, val_loss=3.730]
Epoch 4:  16%|█▋        | 27/164 [00:55<04:40,  0.49it/s, v_num=0, train_loss=3.500, val_loss=3.730]
Epoch 4:  17%|█▋        | 28/164 [00:57<04:37,  0.49it/s, v_num=0, train_loss=3.500, val_loss=3.730]
Epoch 4:  17%|█▋        | 28/164 [00:57<04:38,  0.49it/s, v_num=0, train_loss=4.020, val_loss=3.730]
Epoch 4:  18%|█▊        | 29/164 [00:59<04:35,  0.49it/s, v_num=0, train_loss=4.020, val_loss=3.730]
Epoch 4:  18%|█▊        | 29/164 [00:59<04:35,  0.49it/s, v_num=0, train_loss=5.430, val_loss=3.730]
Epoch 4:  18%|█▊        | 30/164 [01:01<04:33,  0.49it/s, v_num=0, train_loss=5.430, val_loss=3.730]
Epoch 4:  18%|█▊        | 30/164 [01:01<04:33,  0.49it/s, v_num=0, train_loss=3.220, val_loss=3.730]
Epoch 4:  19%|█▉        | 31/164 [01:03<04:31,  0.49it/s, v_num=0, train_loss=3.220, val_loss=3.730]
Epoch 4:  19%|█▉        | 31/164 [01:03<04:31,  0.49it/s, v_num=0, train_loss=4.170, val_loss=3.730]
Epoch 4:  20%|█▉        | 32/164 [01:05<04:29,  0.49it/s, v_num=0, train_loss=4.170, val_loss=3.730]
Epoch 4:  20%|█▉        | 32/164 [01:05<04:29,  0.49it/s, v_num=0, train_loss=4.180, val_loss=3.730]
Epoch 4:  20%|██        | 33/164 [01:07<04:27,  0.49it/s, v_num=0, train_loss=4.180, val_loss=3.730]
Epoch 4:  20%|██        | 33/164 [01:07<04:27,  0.49it/s, v_num=0, train_loss=3.720, val_loss=3.730]
Epoch 4:  21%|██        | 34/164 [01:09<04:25,  0.49it/s, v_num=0, train_loss=3.720, val_loss=3.730]
Epoch 4:  21%|██        | 34/164 [01:09<04:25,  0.49it/s, v_num=0, train_loss=5.040, val_loss=3.730]
Epoch 4:  21%|██▏       | 35/164 [01:11<04:23,  0.49it/s, v_num=0, train_loss=5.040, val_loss=3.730]
Epoch 4:  21%|██▏       | 35/164 [01:11<04:23,  0.49it/s, v_num=0, train_loss=3.820, val_loss=3.730]
Epoch 4:  22%|██▏       | 36/164 [01:13<04:21,  0.49it/s, v_num=0, train_loss=3.820, val_loss=3.730]
Epoch 4:  22%|██▏       | 36/164 [01:13<04:21,  0.49it/s, v_num=0, train_loss=5.210, val_loss=3.730]
Epoch 4:  23%|██▎       | 37/164 [01:15<04:19,  0.49it/s, v_num=0, train_loss=5.210, val_loss=3.730]
Epoch 4:  23%|██▎       | 37/164 [01:15<04:19,  0.49it/s, v_num=0, train_loss=5.100, val_loss=3.730]
Epoch 4:  23%|██▎       | 38/164 [01:17<04:17,  0.49it/s, v_num=0, train_loss=5.100, val_loss=3.730]
Epoch 4:  23%|██▎       | 38/164 [01:17<04:17,  0.49it/s, v_num=0, train_loss=3.010, val_loss=3.730]
Epoch 4:  24%|██▍       | 39/164 [01:19<04:15,  0.49it/s, v_num=0, train_loss=3.010, val_loss=3.730]
Epoch 4:  24%|██▍       | 39/164 [01:19<04:15,  0.49it/s, v_num=0, train_loss=3.300, val_loss=3.730]
Epoch 4:  24%|██▍       | 40/164 [01:21<04:13,  0.49it/s, v_num=0, train_loss=3.300, val_loss=3.730]
Epoch 4:  24%|██▍       | 40/164 [01:21<04:13,  0.49it/s, v_num=0, train_loss=5.270, val_loss=3.730]
Epoch 4:  25%|██▌       | 41/164 [01:23<04:11,  0.49it/s, v_num=0, train_loss=5.270, val_loss=3.730]
Epoch 4:  25%|██▌       | 41/164 [01:23<04:11,  0.49it/s, v_num=0, train_loss=3.670, val_loss=3.730]
Epoch 4:  26%|██▌       | 42/164 [01:25<04:08,  0.49it/s, v_num=0, train_loss=3.670, val_loss=3.730]
Epoch 4:  26%|██▌       | 42/164 [01:25<04:09,  0.49it/s, v_num=0, train_loss=3.340, val_loss=3.730]
Epoch 4:  26%|██▌       | 43/164 [01:27<04:06,  0.49it/s, v_num=0, train_loss=3.340, val_loss=3.730]
Epoch 4:  26%|██▌       | 43/164 [01:27<04:07,  0.49it/s, v_num=0, train_loss=3.090, val_loss=3.730]
Epoch 4:  27%|██▋       | 44/164 [01:29<04:04,  0.49it/s, v_num=0, train_loss=3.090, val_loss=3.730]
Epoch 4:  27%|██▋       | 44/164 [01:29<04:05,  0.49it/s, v_num=0, train_loss=3.170, val_loss=3.730]
Epoch 4:  27%|██▋       | 45/164 [01:31<04:02,  0.49it/s, v_num=0, train_loss=3.170, val_loss=3.730]
Epoch 4:  27%|██▋       | 45/164 [01:31<04:03,  0.49it/s, v_num=0, train_loss=3.250, val_loss=3.730]
Epoch 4:  28%|██▊       | 46/164 [01:33<04:00,  0.49it/s, v_num=0, train_loss=3.250, val_loss=3.730]
Epoch 4:  28%|██▊       | 46/164 [01:33<04:01,  0.49it/s, v_num=0, train_loss=4.660, val_loss=3.730]
Epoch 4:  29%|██▊       | 47/164 [01:35<03:58,  0.49it/s, v_num=0, train_loss=4.660, val_loss=3.730]
Epoch 4:  29%|██▊       | 47/164 [01:36<03:58,  0.49it/s, v_num=0, train_loss=3.620, val_loss=3.730]
Epoch 4:  29%|██▉       | 48/164 [01:37<03:56,  0.49it/s, v_num=0, train_loss=3.620, val_loss=3.730]
Epoch 4:  29%|██▉       | 48/164 [01:38<03:56,  0.49it/s, v_num=0, train_loss=3.310, val_loss=3.730]
Epoch 4:  30%|██▉       | 49/164 [01:39<03:54,  0.49it/s, v_num=0, train_loss=3.310, val_loss=3.730]
Epoch 4:  30%|██▉       | 49/164 [01:40<03:54,  0.49it/s, v_num=0, train_loss=3.140, val_loss=3.730]
Epoch 4:  30%|███       | 50/164 [01:42<03:52,  0.49it/s, v_num=0, train_loss=3.140, val_loss=3.730]
Epoch 4:  30%|███       | 50/164 [01:42<03:52,  0.49it/s, v_num=0, train_loss=5.370, val_loss=3.730]
Epoch 4:  31%|███       | 51/164 [01:44<03:50,  0.49it/s, v_num=0, train_loss=5.370, val_loss=3.730]
Epoch 4:  31%|███       | 51/164 [01:44<03:50,  0.49it/s, v_num=0, train_loss=3.180, val_loss=3.730]
Epoch 4:  32%|███▏      | 52/164 [01:46<03:48,  0.49it/s, v_num=0, train_loss=3.180, val_loss=3.730]
Epoch 4:  32%|███▏      | 52/164 [01:46<03:48,  0.49it/s, v_num=0, train_loss=3.370, val_loss=3.730]
Epoch 4:  32%|███▏      | 53/164 [01:48<03:46,  0.49it/s, v_num=0, train_loss=3.370, val_loss=3.730]
Epoch 4:  32%|███▏      | 53/164 [01:48<03:46,  0.49it/s, v_num=0, train_loss=3.600, val_loss=3.730]
Epoch 4:  33%|███▎      | 54/164 [01:50<03:44,  0.49it/s, v_num=0, train_loss=3.600, val_loss=3.730]
Epoch 4:  33%|███▎      | 54/164 [01:50<03:44,  0.49it/s, v_num=0, train_loss=2.710, val_loss=3.730]
Epoch 4:  34%|███▎      | 55/164 [01:52<03:42,  0.49it/s, v_num=0, train_loss=2.710, val_loss=3.730]
Epoch 4:  34%|███▎      | 55/164 [01:52<03:42,  0.49it/s, v_num=0, train_loss=4.360, val_loss=3.730]
Epoch 4:  34%|███▍      | 56/164 [01:54<03:40,  0.49it/s, v_num=0, train_loss=4.360, val_loss=3.730]
Epoch 4:  34%|███▍      | 56/164 [01:54<03:40,  0.49it/s, v_num=0, train_loss=4.020, val_loss=3.730]
Epoch 4:  35%|███▍      | 57/164 [01:56<03:38,  0.49it/s, v_num=0, train_loss=4.020, val_loss=3.730]
Epoch 4:  35%|███▍      | 57/164 [01:56<03:38,  0.49it/s, v_num=0, train_loss=3.300, val_loss=3.730]
Epoch 4:  35%|███▌      | 58/164 [01:58<03:36,  0.49it/s, v_num=0, train_loss=3.300, val_loss=3.730]
Epoch 4:  35%|███▌      | 58/164 [01:58<03:36,  0.49it/s, v_num=0, train_loss=2.980, val_loss=3.730]
Epoch 4:  36%|███▌      | 59/164 [02:00<03:34,  0.49it/s, v_num=0, train_loss=2.980, val_loss=3.730]
Epoch 4:  36%|███▌      | 59/164 [02:00<03:34,  0.49it/s, v_num=0, train_loss=5.330, val_loss=3.730]
Epoch 4:  37%|███▋      | 60/164 [02:02<03:32,  0.49it/s, v_num=0, train_loss=5.330, val_loss=3.730]
Epoch 4:  37%|███▋      | 60/164 [02:02<03:32,  0.49it/s, v_num=0, train_loss=3.870, val_loss=3.730]
Epoch 4:  37%|███▋      | 61/164 [02:04<03:30,  0.49it/s, v_num=0, train_loss=3.870, val_loss=3.730]
Epoch 4:  37%|███▋      | 61/164 [02:04<03:30,  0.49it/s, v_num=0, train_loss=3.410, val_loss=3.730]
Epoch 4:  38%|███▊      | 62/164 [02:06<03:28,  0.49it/s, v_num=0, train_loss=3.410, val_loss=3.730]
Epoch 4:  38%|███▊      | 62/164 [02:06<03:28,  0.49it/s, v_num=0, train_loss=3.300, val_loss=3.730]
Epoch 4:  38%|███▊      | 63/164 [02:08<03:26,  0.49it/s, v_num=0, train_loss=3.300, val_loss=3.730]
Epoch 4:  38%|███▊      | 63/164 [02:08<03:26,  0.49it/s, v_num=0, train_loss=5.570, val_loss=3.730]
Epoch 4:  39%|███▉      | 64/164 [02:10<03:24,  0.49it/s, v_num=0, train_loss=5.570, val_loss=3.730]
Epoch 4:  39%|███▉      | 64/164 [02:10<03:24,  0.49it/s, v_num=0, train_loss=3.460, val_loss=3.730]
Epoch 4:  40%|███▉      | 65/164 [02:12<03:22,  0.49it/s, v_num=0, train_loss=3.460, val_loss=3.730]
Epoch 4:  40%|███▉      | 65/164 [02:12<03:22,  0.49it/s, v_num=0, train_loss=5.560, val_loss=3.730]
Epoch 4:  40%|████      | 66/164 [02:14<03:19,  0.49it/s, v_num=0, train_loss=5.560, val_loss=3.730]
Epoch 4:  40%|████      | 66/164 [02:14<03:20,  0.49it/s, v_num=0, train_loss=5.520, val_loss=3.730]
Epoch 4:  41%|████      | 67/164 [02:16<03:17,  0.49it/s, v_num=0, train_loss=5.520, val_loss=3.730]
Epoch 4:  41%|████      | 67/164 [02:16<03:18,  0.49it/s, v_num=0, train_loss=3.040, val_loss=3.730]
Epoch 4:  41%|████▏     | 68/164 [02:18<03:15,  0.49it/s, v_num=0, train_loss=3.040, val_loss=3.730]
Epoch 4:  41%|████▏     | 68/164 [02:18<03:16,  0.49it/s, v_num=0, train_loss=3.630, val_loss=3.730]
Epoch 4:  42%|████▏     | 69/164 [02:20<03:13,  0.49it/s, v_num=0, train_loss=3.630, val_loss=3.730]
Epoch 4:  42%|████▏     | 69/164 [02:20<03:13,  0.49it/s, v_num=0, train_loss=3.600, val_loss=3.730]
Epoch 4:  43%|████▎     | 70/164 [02:22<03:11,  0.49it/s, v_num=0, train_loss=3.600, val_loss=3.730]
Epoch 4:  43%|████▎     | 70/164 [02:22<03:11,  0.49it/s, v_num=0, train_loss=5.480, val_loss=3.730]
Epoch 4:  43%|████▎     | 71/164 [02:24<03:09,  0.49it/s, v_num=0, train_loss=5.480, val_loss=3.730]
Epoch 4:  43%|████▎     | 71/164 [02:24<03:09,  0.49it/s, v_num=0, train_loss=3.940, val_loss=3.730]
Epoch 4:  44%|████▍     | 72/164 [02:26<03:07,  0.49it/s, v_num=0, train_loss=3.940, val_loss=3.730]
Epoch 4:  44%|████▍     | 72/164 [02:27<03:07,  0.49it/s, v_num=0, train_loss=2.250, val_loss=3.730]
Epoch 4:  45%|████▍     | 73/164 [02:28<03:05,  0.49it/s, v_num=0, train_loss=2.250, val_loss=3.730]
Epoch 4:  45%|████▍     | 73/164 [02:29<03:05,  0.49it/s, v_num=0, train_loss=3.140, val_loss=3.730]
Epoch 4:  45%|████▌     | 74/164 [02:30<03:03,  0.49it/s, v_num=0, train_loss=3.140, val_loss=3.730]
Epoch 4:  45%|████▌     | 74/164 [02:31<03:03,  0.49it/s, v_num=0, train_loss=3.510, val_loss=3.730]
Epoch 4:  46%|████▌     | 75/164 [02:33<03:01,  0.49it/s, v_num=0, train_loss=3.510, val_loss=3.730]
Epoch 4:  46%|████▌     | 75/164 [02:33<03:01,  0.49it/s, v_num=0, train_loss=4.330, val_loss=3.730]
Epoch 4:  46%|████▋     | 76/164 [02:35<02:59,  0.49it/s, v_num=0, train_loss=4.330, val_loss=3.730]
Epoch 4:  46%|████▋     | 76/164 [02:35<02:59,  0.49it/s, v_num=0, train_loss=5.720, val_loss=3.730]
Epoch 4:  47%|████▋     | 77/164 [02:37<02:57,  0.49it/s, v_num=0, train_loss=5.720, val_loss=3.730]
Epoch 4:  47%|████▋     | 77/164 [02:37<02:57,  0.49it/s, v_num=0, train_loss=3.090, val_loss=3.730]
Epoch 4:  48%|████▊     | 78/164 [02:39<02:55,  0.49it/s, v_num=0, train_loss=3.090, val_loss=3.730]
Epoch 4:  48%|████▊     | 78/164 [02:39<02:55,  0.49it/s, v_num=0, train_loss=2.960, val_loss=3.730]
Epoch 4:  48%|████▊     | 79/164 [02:41<02:53,  0.49it/s, v_num=0, train_loss=2.960, val_loss=3.730]
Epoch 4:  48%|████▊     | 79/164 [02:41<02:53,  0.49it/s, v_num=0, train_loss=4.400, val_loss=3.730]
Epoch 4:  49%|████▉     | 80/164 [02:43<02:51,  0.49it/s, v_num=0, train_loss=4.400, val_loss=3.730]
Epoch 4:  49%|████▉     | 80/164 [02:43<02:51,  0.49it/s, v_num=0, train_loss=2.700, val_loss=3.730]
Epoch 4:  49%|████▉     | 81/164 [02:45<02:49,  0.49it/s, v_num=0, train_loss=2.700, val_loss=3.730]
Epoch 4:  49%|████▉     | 81/164 [02:45<02:49,  0.49it/s, v_num=0, train_loss=5.400, val_loss=3.730]
Epoch 4:  50%|█████     | 82/164 [02:47<02:47,  0.49it/s, v_num=0, train_loss=5.400, val_loss=3.730]
Epoch 4:  50%|█████     | 82/164 [02:47<02:47,  0.49it/s, v_num=0, train_loss=3.170, val_loss=3.730]
Epoch 4:  51%|█████     | 83/164 [02:49<02:45,  0.49it/s, v_num=0, train_loss=3.170, val_loss=3.730]
Epoch 4:  51%|█████     | 83/164 [02:49<02:45,  0.49it/s, v_num=0, train_loss=2.610, val_loss=3.730]
Epoch 4:  51%|█████     | 84/164 [02:51<02:43,  0.49it/s, v_num=0, train_loss=2.610, val_loss=3.730]
Epoch 4:  51%|█████     | 84/164 [02:51<02:43,  0.49it/s, v_num=0, train_loss=3.650, val_loss=3.730]
Epoch 4:  52%|█████▏    | 85/164 [02:53<02:41,  0.49it/s, v_num=0, train_loss=3.650, val_loss=3.730]
Epoch 4:  52%|█████▏    | 85/164 [02:53<02:41,  0.49it/s, v_num=0, train_loss=3.430, val_loss=3.730]
Epoch 4:  52%|█████▏    | 86/164 [02:55<02:39,  0.49it/s, v_num=0, train_loss=3.430, val_loss=3.730]
Epoch 4:  52%|█████▏    | 86/164 [02:55<02:39,  0.49it/s, v_num=0, train_loss=3.480, val_loss=3.730]
Epoch 4:  53%|█████▎    | 87/164 [02:57<02:37,  0.49it/s, v_num=0, train_loss=3.480, val_loss=3.730]
Epoch 4:  53%|█████▎    | 87/164 [02:57<02:37,  0.49it/s, v_num=0, train_loss=2.510, val_loss=3.730]
Epoch 4:  54%|█████▎    | 88/164 [02:59<02:35,  0.49it/s, v_num=0, train_loss=2.510, val_loss=3.730]
Epoch 4:  54%|█████▎    | 88/164 [02:59<02:35,  0.49it/s, v_num=0, train_loss=2.950, val_loss=3.730]
Epoch 4:  54%|█████▍    | 89/164 [03:01<02:33,  0.49it/s, v_num=0, train_loss=2.950, val_loss=3.730]
Epoch 4:  54%|█████▍    | 89/164 [03:01<02:33,  0.49it/s, v_num=0, train_loss=3.440, val_loss=3.730]
Epoch 4:  55%|█████▍    | 90/164 [03:03<02:30,  0.49it/s, v_num=0, train_loss=3.440, val_loss=3.730]
Epoch 4:  55%|█████▍    | 90/164 [03:03<02:31,  0.49it/s, v_num=0, train_loss=5.000, val_loss=3.730]
Epoch 4:  55%|█████▌    | 91/164 [03:05<02:28,  0.49it/s, v_num=0, train_loss=5.000, val_loss=3.730]
Epoch 4:  55%|█████▌    | 91/164 [03:05<02:29,  0.49it/s, v_num=0, train_loss=3.130, val_loss=3.730]
Epoch 4:  56%|█████▌    | 92/164 [03:07<02:26,  0.49it/s, v_num=0, train_loss=3.130, val_loss=3.730]
Epoch 4:  56%|█████▌    | 92/164 [03:07<02:26,  0.49it/s, v_num=0, train_loss=3.820, val_loss=3.730]
Epoch 4:  57%|█████▋    | 93/164 [03:09<02:24,  0.49it/s, v_num=0, train_loss=3.820, val_loss=3.730]
Epoch 4:  57%|█████▋    | 93/164 [03:09<02:24,  0.49it/s, v_num=0, train_loss=2.980, val_loss=3.730]
Epoch 4:  57%|█████▋    | 94/164 [03:11<02:22,  0.49it/s, v_num=0, train_loss=2.980, val_loss=3.730]
Epoch 4:  57%|█████▋    | 94/164 [03:11<02:22,  0.49it/s, v_num=0, train_loss=2.560, val_loss=3.730]
Epoch 4:  58%|█████▊    | 95/164 [03:13<02:20,  0.49it/s, v_num=0, train_loss=2.560, val_loss=3.730]
Epoch 4:  58%|█████▊    | 95/164 [03:13<02:20,  0.49it/s, v_num=0, train_loss=2.770, val_loss=3.730]
Epoch 4:  59%|█████▊    | 96/164 [03:15<02:18,  0.49it/s, v_num=0, train_loss=2.770, val_loss=3.730]
Epoch 4:  59%|█████▊    | 96/164 [03:15<02:18,  0.49it/s, v_num=0, train_loss=5.000, val_loss=3.730]
Epoch 4:  59%|█████▉    | 97/164 [03:17<02:16,  0.49it/s, v_num=0, train_loss=5.000, val_loss=3.730]
Epoch 4:  59%|█████▉    | 97/164 [03:18<02:16,  0.49it/s, v_num=0, train_loss=3.430, val_loss=3.730]
Epoch 4:  60%|█████▉    | 98/164 [03:19<02:14,  0.49it/s, v_num=0, train_loss=3.430, val_loss=3.730]
Epoch 4:  60%|█████▉    | 98/164 [03:20<02:14,  0.49it/s, v_num=0, train_loss=2.420, val_loss=3.730]
Epoch 4:  60%|██████    | 99/164 [03:21<02:12,  0.49it/s, v_num=0, train_loss=2.420, val_loss=3.730]
Epoch 4:  60%|██████    | 99/164 [03:22<02:12,  0.49it/s, v_num=0, train_loss=3.600, val_loss=3.730]
Epoch 4:  61%|██████    | 100/164 [03:24<02:10,  0.49it/s, v_num=0, train_loss=3.600, val_loss=3.730]
Epoch 4:  61%|██████    | 100/164 [03:24<02:10,  0.49it/s, v_num=0, train_loss=3.450, val_loss=3.730]
Epoch 4:  62%|██████▏   | 101/164 [03:26<02:08,  0.49it/s, v_num=0, train_loss=3.450, val_loss=3.730]
Epoch 4:  62%|██████▏   | 101/164 [03:26<02:08,  0.49it/s, v_num=0, train_loss=3.410, val_loss=3.730]
Epoch 4:  62%|██████▏   | 102/164 [03:28<02:06,  0.49it/s, v_num=0, train_loss=3.410, val_loss=3.730]
Epoch 4:  62%|██████▏   | 102/164 [03:28<02:06,  0.49it/s, v_num=0, train_loss=3.230, val_loss=3.730]
Epoch 4:  63%|██████▎   | 103/164 [03:30<02:04,  0.49it/s, v_num=0, train_loss=3.230, val_loss=3.730]
Epoch 4:  63%|██████▎   | 103/164 [03:30<02:04,  0.49it/s, v_num=0, train_loss=5.300, val_loss=3.730]
Epoch 4:  63%|██████▎   | 104/164 [03:32<02:02,  0.49it/s, v_num=0, train_loss=5.300, val_loss=3.730]
Epoch 4:  63%|██████▎   | 104/164 [03:32<02:02,  0.49it/s, v_num=0, train_loss=5.100, val_loss=3.730]
Epoch 4:  64%|██████▍   | 105/164 [03:34<02:00,  0.49it/s, v_num=0, train_loss=5.100, val_loss=3.730]
Epoch 4:  64%|██████▍   | 105/164 [03:34<02:00,  0.49it/s, v_num=0, train_loss=3.630, val_loss=3.730]
Epoch 4:  65%|██████▍   | 106/164 [03:36<01:58,  0.49it/s, v_num=0, train_loss=3.630, val_loss=3.730]
Epoch 4:  65%|██████▍   | 106/164 [03:36<01:58,  0.49it/s, v_num=0, train_loss=3.140, val_loss=3.730]
Epoch 4:  65%|██████▌   | 107/164 [03:38<01:56,  0.49it/s, v_num=0, train_loss=3.140, val_loss=3.730]
Epoch 4:  65%|██████▌   | 107/164 [03:38<01:56,  0.49it/s, v_num=0, train_loss=5.210, val_loss=3.730]
Epoch 4:  66%|██████▌   | 108/164 [03:40<01:54,  0.49it/s, v_num=0, train_loss=5.210, val_loss=3.730]
Epoch 4:  66%|██████▌   | 108/164 [03:40<01:54,  0.49it/s, v_num=0, train_loss=5.130, val_loss=3.730]
Epoch 4:  66%|██████▋   | 109/164 [03:42<01:52,  0.49it/s, v_num=0, train_loss=5.130, val_loss=3.730]
Epoch 4:  66%|██████▋   | 109/164 [03:42<01:52,  0.49it/s, v_num=0, train_loss=2.910, val_loss=3.730]
Epoch 4:  67%|██████▋   | 110/164 [03:44<01:50,  0.49it/s, v_num=0, train_loss=2.910, val_loss=3.730]
Epoch 4:  67%|██████▋   | 110/164 [03:44<01:50,  0.49it/s, v_num=0, train_loss=3.890, val_loss=3.730]
Epoch 4:  68%|██████▊   | 111/164 [03:46<01:48,  0.49it/s, v_num=0, train_loss=3.890, val_loss=3.730]
Epoch 4:  68%|██████▊   | 111/164 [03:46<01:48,  0.49it/s, v_num=0, train_loss=4.020, val_loss=3.730]
Epoch 4:  68%|██████▊   | 112/164 [03:48<01:46,  0.49it/s, v_num=0, train_loss=4.020, val_loss=3.730]
Epoch 4:  68%|██████▊   | 112/164 [03:48<01:46,  0.49it/s, v_num=0, train_loss=3.860, val_loss=3.730]
Epoch 4:  69%|██████▉   | 113/164 [03:50<01:44,  0.49it/s, v_num=0, train_loss=3.860, val_loss=3.730]
Epoch 4:  69%|██████▉   | 113/164 [03:50<01:44,  0.49it/s, v_num=0, train_loss=5.050, val_loss=3.730]
Epoch 4:  70%|██████▉   | 114/164 [03:52<01:41,  0.49it/s, v_num=0, train_loss=5.050, val_loss=3.730]
Epoch 4:  70%|██████▉   | 114/164 [03:52<01:42,  0.49it/s, v_num=0, train_loss=2.450, val_loss=3.730]
Epoch 4:  70%|███████   | 115/164 [03:54<01:39,  0.49it/s, v_num=0, train_loss=2.450, val_loss=3.730]
Epoch 4:  70%|███████   | 115/164 [03:54<01:39,  0.49it/s, v_num=0, train_loss=3.760, val_loss=3.730]
Epoch 4:  71%|███████   | 116/164 [03:56<01:37,  0.49it/s, v_num=0, train_loss=3.760, val_loss=3.730]
Epoch 4:  71%|███████   | 116/164 [03:56<01:37,  0.49it/s, v_num=0, train_loss=3.200, val_loss=3.730]
Epoch 4:  71%|███████▏  | 117/164 [03:58<01:35,  0.49it/s, v_num=0, train_loss=3.200, val_loss=3.730]
Epoch 4:  71%|███████▏  | 117/164 [03:58<01:35,  0.49it/s, v_num=0, train_loss=5.140, val_loss=3.730]
Epoch 4:  72%|███████▏  | 118/164 [04:00<01:33,  0.49it/s, v_num=0, train_loss=5.140, val_loss=3.730]
Epoch 4:  72%|███████▏  | 118/164 [04:00<01:33,  0.49it/s, v_num=0, train_loss=5.450, val_loss=3.730]
Epoch 4:  73%|███████▎  | 119/164 [04:02<01:31,  0.49it/s, v_num=0, train_loss=5.450, val_loss=3.730]
Epoch 4:  73%|███████▎  | 119/164 [04:02<01:31,  0.49it/s, v_num=0, train_loss=3.590, val_loss=3.730]
Epoch 4:  73%|███████▎  | 120/164 [04:04<01:29,  0.49it/s, v_num=0, train_loss=3.590, val_loss=3.730]
Epoch 4:  73%|███████▎  | 120/164 [04:04<01:29,  0.49it/s, v_num=0, train_loss=3.550, val_loss=3.730]
Epoch 4:  74%|███████▍  | 121/164 [04:06<01:27,  0.49it/s, v_num=0, train_loss=3.550, val_loss=3.730]
Epoch 4:  74%|███████▍  | 121/164 [04:06<01:27,  0.49it/s, v_num=0, train_loss=3.020, val_loss=3.730]
Epoch 4:  74%|███████▍  | 122/164 [04:08<01:25,  0.49it/s, v_num=0, train_loss=3.020, val_loss=3.730]
Epoch 4:  74%|███████▍  | 122/164 [04:08<01:25,  0.49it/s, v_num=0, train_loss=5.490, val_loss=3.730]
Epoch 4:  75%|███████▌  | 123/164 [04:10<01:23,  0.49it/s, v_num=0, train_loss=5.490, val_loss=3.730]
Epoch 4:  75%|███████▌  | 123/164 [04:10<01:23,  0.49it/s, v_num=0, train_loss=5.290, val_loss=3.730]
Epoch 4:  76%|███████▌  | 124/164 [04:12<01:21,  0.49it/s, v_num=0, train_loss=5.290, val_loss=3.730]
Epoch 4:  76%|███████▌  | 124/164 [04:13<01:21,  0.49it/s, v_num=0, train_loss=4.520, val_loss=3.730]
Epoch 4:  76%|███████▌  | 125/164 [04:14<01:19,  0.49it/s, v_num=0, train_loss=4.520, val_loss=3.730]
Epoch 4:  76%|███████▌  | 125/164 [04:15<01:19,  0.49it/s, v_num=0, train_loss=3.200, val_loss=3.730]
Epoch 4:  77%|███████▋  | 126/164 [04:17<01:17,  0.49it/s, v_num=0, train_loss=3.200, val_loss=3.730]
Epoch 4:  77%|███████▋  | 126/164 [04:17<01:17,  0.49it/s, v_num=0, train_loss=3.300, val_loss=3.730]
Epoch 4:  77%|███████▋  | 127/164 [04:19<01:15,  0.49it/s, v_num=0, train_loss=3.300, val_loss=3.730]
Epoch 4:  77%|███████▋  | 127/164 [04:19<01:15,  0.49it/s, v_num=0, train_loss=2.870, val_loss=3.730]
Epoch 4:  78%|███████▊  | 128/164 [04:21<01:13,  0.49it/s, v_num=0, train_loss=2.870, val_loss=3.730]
Epoch 4:  78%|███████▊  | 128/164 [04:21<01:13,  0.49it/s, v_num=0, train_loss=2.960, val_loss=3.730]
Epoch 4:  79%|███████▊  | 129/164 [04:23<01:11,  0.49it/s, v_num=0, train_loss=2.960, val_loss=3.730]
Epoch 4:  79%|███████▊  | 129/164 [04:23<01:11,  0.49it/s, v_num=0, train_loss=3.970, val_loss=3.730]
Epoch 4:  79%|███████▉  | 130/164 [04:25<01:09,  0.49it/s, v_num=0, train_loss=3.970, val_loss=3.730]
Epoch 4:  79%|███████▉  | 130/164 [04:25<01:09,  0.49it/s, v_num=0, train_loss=3.190, val_loss=3.730]
Epoch 4:  80%|███████▉  | 131/164 [04:27<01:07,  0.49it/s, v_num=0, train_loss=3.190, val_loss=3.730]
Epoch 4:  80%|███████▉  | 131/164 [04:27<01:07,  0.49it/s, v_num=0, train_loss=5.220, val_loss=3.730]
Epoch 4:  80%|████████  | 132/164 [04:29<01:05,  0.49it/s, v_num=0, train_loss=5.220, val_loss=3.730]
Epoch 4:  80%|████████  | 132/164 [04:29<01:05,  0.49it/s, v_num=0, train_loss=3.840, val_loss=3.730]
Epoch 4:  81%|████████  | 133/164 [04:31<01:03,  0.49it/s, v_num=0, train_loss=3.840, val_loss=3.730]
Epoch 4:  81%|████████  | 133/164 [04:31<01:03,  0.49it/s, v_num=0, train_loss=4.080, val_loss=3.730]
Epoch 4:  82%|████████▏ | 134/164 [04:33<01:01,  0.49it/s, v_num=0, train_loss=4.080, val_loss=3.730]
Epoch 4:  82%|████████▏ | 134/164 [04:33<01:01,  0.49it/s, v_num=0, train_loss=3.740, val_loss=3.730]
Epoch 4:  82%|████████▏ | 135/164 [04:35<00:59,  0.49it/s, v_num=0, train_loss=3.740, val_loss=3.730]
Epoch 4:  82%|████████▏ | 135/164 [04:35<00:59,  0.49it/s, v_num=0, train_loss=3.670, val_loss=3.730]
Epoch 4:  83%|████████▎ | 136/164 [04:37<00:57,  0.49it/s, v_num=0, train_loss=3.670, val_loss=3.730]
Epoch 4:  83%|████████▎ | 136/164 [04:37<00:57,  0.49it/s, v_num=0, train_loss=3.510, val_loss=3.730]
Epoch 4:  84%|████████▎ | 137/164 [04:39<00:55,  0.49it/s, v_num=0, train_loss=3.510, val_loss=3.730]
Epoch 4:  84%|████████▎ | 137/164 [04:39<00:55,  0.49it/s, v_num=0, train_loss=3.390, val_loss=3.730]
Epoch 4:  84%|████████▍ | 138/164 [04:41<00:53,  0.49it/s, v_num=0, train_loss=3.390, val_loss=3.730]
Epoch 4:  84%|████████▍ | 138/164 [04:41<00:53,  0.49it/s, v_num=0, train_loss=2.870, val_loss=3.730]
Epoch 4:  85%|████████▍ | 139/164 [04:43<00:50,  0.49it/s, v_num=0, train_loss=2.870, val_loss=3.730]
Epoch 4:  85%|████████▍ | 139/164 [04:43<00:51,  0.49it/s, v_num=0, train_loss=5.190, val_loss=3.730]
Epoch 4:  85%|████████▌ | 140/164 [04:45<00:48,  0.49it/s, v_num=0, train_loss=5.190, val_loss=3.730]
Epoch 4:  85%|████████▌ | 140/164 [04:45<00:48,  0.49it/s, v_num=0, train_loss=4.990, val_loss=3.730]
Epoch 4:  86%|████████▌ | 141/164 [04:47<00:46,  0.49it/s, v_num=0, train_loss=4.990, val_loss=3.730]
Epoch 4:  86%|████████▌ | 141/164 [04:47<00:46,  0.49it/s, v_num=0, train_loss=3.170, val_loss=3.730]
Epoch 4:  87%|████████▋ | 142/164 [04:49<00:44,  0.49it/s, v_num=0, train_loss=3.170, val_loss=3.730]
Epoch 4:  87%|████████▋ | 142/164 [04:49<00:44,  0.49it/s, v_num=0, train_loss=3.800, val_loss=3.730]
Epoch 4:  87%|████████▋ | 143/164 [04:51<00:42,  0.49it/s, v_num=0, train_loss=3.800, val_loss=3.730]
Epoch 4:  87%|████████▋ | 143/164 [04:51<00:42,  0.49it/s, v_num=0, train_loss=4.500, val_loss=3.730]
Epoch 4:  88%|████████▊ | 144/164 [04:53<00:40,  0.49it/s, v_num=0, train_loss=4.500, val_loss=3.730]
Epoch 4:  88%|████████▊ | 144/164 [04:53<00:40,  0.49it/s, v_num=0, train_loss=5.440, val_loss=3.730]
Epoch 4:  88%|████████▊ | 145/164 [04:55<00:38,  0.49it/s, v_num=0, train_loss=5.440, val_loss=3.730]
Epoch 4:  88%|████████▊ | 145/164 [04:55<00:38,  0.49it/s, v_num=0, train_loss=2.580, val_loss=3.730]
Epoch 4:  89%|████████▉ | 146/164 [04:57<00:36,  0.49it/s, v_num=0, train_loss=2.580, val_loss=3.730]
Epoch 4:  89%|████████▉ | 146/164 [04:57<00:36,  0.49it/s, v_num=0, train_loss=4.470, val_loss=3.730]
Epoch 4:  90%|████████▉ | 147/164 [04:59<00:34,  0.49it/s, v_num=0, train_loss=4.470, val_loss=3.730]
Epoch 4:  90%|████████▉ | 147/164 [04:59<00:34,  0.49it/s, v_num=0, train_loss=2.660, val_loss=3.730]
Epoch 4:  90%|█████████ | 148/164 [05:01<00:32,  0.49it/s, v_num=0, train_loss=2.660, val_loss=3.730]
Epoch 4:  90%|█████████ | 148/164 [05:01<00:32,  0.49it/s, v_num=0, train_loss=2.810, val_loss=3.730]
Epoch 4:  91%|█████████ | 149/164 [05:03<00:30,  0.49it/s, v_num=0, train_loss=2.810, val_loss=3.730]
Epoch 4:  91%|█████████ | 149/164 [05:03<00:30,  0.49it/s, v_num=0, train_loss=4.260, val_loss=3.730]
Epoch 4:  91%|█████████▏| 150/164 [05:05<00:28,  0.49it/s, v_num=0, train_loss=4.260, val_loss=3.730]
Epoch 4:  91%|█████████▏| 150/164 [05:06<00:28,  0.49it/s, v_num=0, train_loss=4.910, val_loss=3.730]
Epoch 4:  92%|█████████▏| 151/164 [05:07<00:26,  0.49it/s, v_num=0, train_loss=4.910, val_loss=3.730]
Epoch 4:  92%|█████████▏| 151/164 [05:08<00:26,  0.49it/s, v_num=0, train_loss=3.330, val_loss=3.730]
Epoch 4:  93%|█████████▎| 152/164 [05:09<00:24,  0.49it/s, v_num=0, train_loss=3.330, val_loss=3.730]
Epoch 4:  93%|█████████▎| 152/164 [05:10<00:24,  0.49it/s, v_num=0, train_loss=3.050, val_loss=3.730]
Epoch 4:  93%|█████████▎| 153/164 [05:12<00:22,  0.49it/s, v_num=0, train_loss=3.050, val_loss=3.730]
Epoch 4:  93%|█████████▎| 153/164 [05:12<00:22,  0.49it/s, v_num=0, train_loss=3.490, val_loss=3.730]
Epoch 4:  94%|█████████▍| 154/164 [05:14<00:20,  0.49it/s, v_num=0, train_loss=3.490, val_loss=3.730]
Epoch 4:  94%|█████████▍| 154/164 [05:14<00:20,  0.49it/s, v_num=0, train_loss=5.270, val_loss=3.730]
Epoch 4:  95%|█████████▍| 155/164 [05:16<00:18,  0.49it/s, v_num=0, train_loss=5.270, val_loss=3.730]
Epoch 4:  95%|█████████▍| 155/164 [05:16<00:18,  0.49it/s, v_num=0, train_loss=3.760, val_loss=3.730]
Epoch 4:  95%|█████████▌| 156/164 [05:18<00:16,  0.49it/s, v_num=0, train_loss=3.760, val_loss=3.730]
Epoch 4:  95%|█████████▌| 156/164 [05:18<00:16,  0.49it/s, v_num=0, train_loss=4.470, val_loss=3.730]
Epoch 4:  96%|█████████▌| 157/164 [05:20<00:14,  0.49it/s, v_num=0, train_loss=4.470, val_loss=3.730]
Epoch 4:  96%|█████████▌| 157/164 [05:20<00:14,  0.49it/s, v_num=0, train_loss=2.800, val_loss=3.730]
Epoch 4:  96%|█████████▋| 158/164 [05:22<00:12,  0.49it/s, v_num=0, train_loss=2.800, val_loss=3.730]
Epoch 4:  96%|█████████▋| 158/164 [05:22<00:12,  0.49it/s, v_num=0, train_loss=3.070, val_loss=3.730]
Epoch 4:  97%|█████████▋| 159/164 [05:24<00:10,  0.49it/s, v_num=0, train_loss=3.070, val_loss=3.730]
Epoch 4:  97%|█████████▋| 159/164 [05:24<00:10,  0.49it/s, v_num=0, train_loss=4.700, val_loss=3.730]
Epoch 4:  98%|█████████▊| 160/164 [05:26<00:08,  0.49it/s, v_num=0, train_loss=4.700, val_loss=3.730]
Epoch 4:  98%|█████████▊| 160/164 [05:26<00:08,  0.49it/s, v_num=0, train_loss=4.850, val_loss=3.730]
Epoch 4:  98%|█████████▊| 161/164 [05:28<00:06,  0.49it/s, v_num=0, train_loss=4.850, val_loss=3.730]
Epoch 4:  98%|█████████▊| 161/164 [05:28<00:06,  0.49it/s, v_num=0, train_loss=5.050, val_loss=3.730]
Epoch 4:  99%|█████████▉| 162/164 [05:30<00:04,  0.49it/s, v_num=0, train_loss=5.050, val_loss=3.730]
Epoch 4:  99%|█████████▉| 162/164 [05:30<00:04,  0.49it/s, v_num=0, train_loss=4.000, val_loss=3.730]
Epoch 4:  99%|█████████▉| 163/164 [05:32<00:02,  0.49it/s, v_num=0, train_loss=4.000, val_loss=3.730]
Epoch 4:  99%|█████████▉| 163/164 [05:32<00:02,  0.49it/s, v_num=0, train_loss=3.250, val_loss=3.730]
Epoch 4: 100%|██████████| 164/164 [05:34<00:00,  0.49it/s, v_num=0, train_loss=3.250, val_loss=3.730]
Epoch 4: 100%|██████████| 164/164 [05:34<00:00,  0.49it/s, v_num=0, train_loss=4.530, val_loss=3.730]

Validation: |          | 0/? [00:00<?, ?it/s][A

Validation:   0%|          | 0/126 [00:00<?, ?it/s][A

Validation DataLoader 0:   0%|          | 0/126 [00:00<?, ?it/s][A

Validation DataLoader 0:   1%|          | 1/126 [00:01<02:36,  0.80it/s][A

Validation DataLoader 0:   2%|▏         | 2/126 [00:02<02:36,  0.79it/s][A

Validation DataLoader 0:   2%|▏         | 3/126 [00:03<02:35,  0.79it/s][A

Validation DataLoader 0:   3%|▎         | 4/126 [00:05<02:34,  0.79it/s][A

Validation DataLoader 0:   4%|▍         | 5/126 [00:06<02:33,  0.79it/s][A

Validation DataLoader 0:   5%|▍         | 6/126 [00:07<02:31,  0.79it/s][A

Validation DataLoader 0:   6%|▌         | 7/126 [00:08<02:30,  0.79it/s][A

Validation DataLoader 0:   6%|▋         | 8/126 [00:10<02:29,  0.79it/s][A

Validation DataLoader 0:   7%|▋         | 9/126 [00:11<02:28,  0.79it/s][A

Validation DataLoader 0:   8%|▊         | 10/126 [00:12<02:27,  0.79it/s][A

Validation DataLoader 0:   9%|▊         | 11/126 [00:13<02:25,  0.79it/s][A

Validation DataLoader 0:  10%|▉         | 12/126 [00:15<02:24,  0.79it/s][A

Validation DataLoader 0:  10%|█         | 13/126 [00:16<02:23,  0.79it/s][A

Validation DataLoader 0:  11%|█         | 14/126 [00:17<02:22,  0.79it/s][A

Validation DataLoader 0:  12%|█▏        | 15/126 [00:19<02:20,  0.79it/s][A

Validation DataLoader 0:  13%|█▎        | 16/126 [00:20<02:19,  0.79it/s][A

Validation DataLoader 0:  13%|█▎        | 17/126 [00:21<02:18,  0.79it/s][A

Validation DataLoader 0:  14%|█▍        | 18/126 [00:22<02:16,  0.79it/s][A

Validation DataLoader 0:  15%|█▌        | 19/126 [00:24<02:15,  0.79it/s][A

Validation DataLoader 0:  16%|█▌        | 20/126 [00:25<02:14,  0.79it/s][A

Validation DataLoader 0:  17%|█▋        | 21/126 [00:26<02:13,  0.79it/s][A

Validation DataLoader 0:  17%|█▋        | 22/126 [00:27<02:11,  0.79it/s][A

Validation DataLoader 0:  18%|█▊        | 23/126 [00:29<02:10,  0.79it/s][A

Validation DataLoader 0:  19%|█▉        | 24/126 [00:30<02:09,  0.79it/s][A

Validation DataLoader 0:  20%|█▉        | 25/126 [00:31<02:08,  0.79it/s][A

Validation DataLoader 0:  21%|██        | 26/126 [00:32<02:06,  0.79it/s][A

Validation DataLoader 0:  21%|██▏       | 27/126 [00:34<02:05,  0.79it/s][A

Validation DataLoader 0:  22%|██▏       | 28/126 [00:35<02:04,  0.79it/s][A

Validation DataLoader 0:  23%|██▎       | 29/126 [00:36<02:02,  0.79it/s][A

Validation DataLoader 0:  24%|██▍       | 30/126 [00:38<02:01,  0.79it/s][A

Validation DataLoader 0:  25%|██▍       | 31/126 [00:39<02:00,  0.79it/s][A

Validation DataLoader 0:  25%|██▌       | 32/126 [00:40<01:59,  0.79it/s][A

Validation DataLoader 0:  26%|██▌       | 33/126 [00:41<01:57,  0.79it/s][A

Validation DataLoader 0:  27%|██▋       | 34/126 [00:43<01:56,  0.79it/s][A

Validation DataLoader 0:  28%|██▊       | 35/126 [00:44<01:55,  0.79it/s][A

Validation DataLoader 0:  29%|██▊       | 36/126 [00:45<01:54,  0.79it/s][A

Validation DataLoader 0:  29%|██▉       | 37/126 [00:46<01:52,  0.79it/s][A

Validation DataLoader 0:  30%|███       | 38/126 [00:48<01:51,  0.79it/s][A

Validation DataLoader 0:  31%|███       | 39/126 [00:49<01:50,  0.79it/s][A

Validation DataLoader 0:  32%|███▏      | 40/126 [00:50<01:49,  0.79it/s][A

Validation DataLoader 0:  33%|███▎      | 41/126 [00:51<01:47,  0.79it/s][A

Validation DataLoader 0:  33%|███▎      | 42/126 [00:53<01:46,  0.79it/s][A

Validation DataLoader 0:  34%|███▍      | 43/126 [00:54<01:45,  0.79it/s][A

Validation DataLoader 0:  35%|███▍      | 44/126 [00:55<01:43,  0.79it/s][A

Validation DataLoader 0:  36%|███▌      | 45/126 [00:57<01:42,  0.79it/s][A

Validation DataLoader 0:  37%|███▋      | 46/126 [00:58<01:41,  0.79it/s][A

Validation DataLoader 0:  37%|███▋      | 47/126 [00:59<01:40,  0.79it/s][A

Validation DataLoader 0:  38%|███▊      | 48/126 [01:00<01:38,  0.79it/s][A

Validation DataLoader 0:  39%|███▉      | 49/126 [01:02<01:37,  0.79it/s][A

Validation DataLoader 0:  40%|███▉      | 50/126 [01:03<01:36,  0.79it/s][A

Validation DataLoader 0:  40%|████      | 51/126 [01:04<01:35,  0.79it/s][A

Validation DataLoader 0:  41%|████▏     | 52/126 [01:05<01:33,  0.79it/s][A

Validation DataLoader 0:  42%|████▏     | 53/126 [01:07<01:32,  0.79it/s][A

Validation DataLoader 0:  43%|████▎     | 54/126 [01:08<01:31,  0.79it/s][A

Validation DataLoader 0:  44%|████▎     | 55/126 [01:09<01:30,  0.79it/s][A

Validation DataLoader 0:  44%|████▍     | 56/126 [01:10<01:28,  0.79it/s][A

Validation DataLoader 0:  45%|████▌     | 57/126 [01:12<01:27,  0.79it/s][A

Validation DataLoader 0:  46%|████▌     | 58/126 [01:13<01:26,  0.79it/s][A

Validation DataLoader 0:  47%|████▋     | 59/126 [01:14<01:24,  0.79it/s][A

Validation DataLoader 0:  48%|████▊     | 60/126 [01:16<01:23,  0.79it/s][A

Validation DataLoader 0:  48%|████▊     | 61/126 [01:17<01:22,  0.79it/s][A

Validation DataLoader 0:  49%|████▉     | 62/126 [01:18<01:21,  0.79it/s][A

Validation DataLoader 0:  50%|█████     | 63/126 [01:19<01:19,  0.79it/s][A

Validation DataLoader 0:  51%|█████     | 64/126 [01:21<01:18,  0.79it/s][A

Validation DataLoader 0:  52%|█████▏    | 65/126 [01:22<01:17,  0.79it/s][A

Validation DataLoader 0:  52%|█████▏    | 66/126 [01:23<01:16,  0.79it/s][A

Validation DataLoader 0:  53%|█████▎    | 67/126 [01:24<01:14,  0.79it/s][A

Validation DataLoader 0:  54%|█████▍    | 68/126 [01:26<01:13,  0.79it/s][A

Validation DataLoader 0:  55%|█████▍    | 69/126 [01:27<01:12,  0.79it/s][A

Validation DataLoader 0:  56%|█████▌    | 70/126 [01:28<01:10,  0.79it/s][A

Validation DataLoader 0:  56%|█████▋    | 71/126 [01:29<01:09,  0.79it/s][A

Validation DataLoader 0:  57%|█████▋    | 72/126 [01:31<01:08,  0.79it/s][A

Validation DataLoader 0:  58%|█████▊    | 73/126 [01:32<01:07,  0.79it/s][A

Validation DataLoader 0:  59%|█████▊    | 74/126 [01:33<01:05,  0.79it/s][A

Validation DataLoader 0:  60%|█████▉    | 75/126 [01:35<01:04,  0.79it/s][A

Validation DataLoader 0:  60%|██████    | 76/126 [01:36<01:03,  0.79it/s][A

Validation DataLoader 0:  61%|██████    | 77/126 [01:37<01:02,  0.79it/s][A

Validation DataLoader 0:  62%|██████▏   | 78/126 [01:38<01:00,  0.79it/s][A

Validation DataLoader 0:  63%|██████▎   | 79/126 [01:40<00:59,  0.79it/s][A

Validation DataLoader 0:  63%|██████▎   | 80/126 [01:41<00:58,  0.79it/s][A

Validation DataLoader 0:  64%|██████▍   | 81/126 [01:42<00:57,  0.79it/s][A

Validation DataLoader 0:  65%|██████▌   | 82/126 [01:43<00:55,  0.79it/s][A

Validation DataLoader 0:  66%|██████▌   | 83/126 [01:45<00:54,  0.79it/s][A

Validation DataLoader 0:  67%|██████▋   | 84/126 [01:46<00:53,  0.79it/s][A

Validation DataLoader 0:  67%|██████▋   | 85/126 [01:47<00:51,  0.79it/s][A

Validation DataLoader 0:  68%|██████▊   | 86/126 [01:48<00:50,  0.79it/s][A

Validation DataLoader 0:  69%|██████▉   | 87/126 [01:50<00:49,  0.79it/s][A

Validation DataLoader 0:  70%|██████▉   | 88/126 [01:51<00:48,  0.79it/s][A

Validation DataLoader 0:  71%|███████   | 89/126 [01:52<00:46,  0.79it/s][A

Validation DataLoader 0:  71%|███████▏  | 90/126 [01:54<00:45,  0.79it/s][A

Validation DataLoader 0:  72%|███████▏  | 91/126 [01:55<00:44,  0.79it/s][A

Validation DataLoader 0:  73%|███████▎  | 92/126 [01:56<00:43,  0.79it/s][A

Validation DataLoader 0:  74%|███████▍  | 93/126 [01:57<00:41,  0.79it/s][A

Validation DataLoader 0:  75%|███████▍  | 94/126 [01:59<00:40,  0.79it/s][A

Validation DataLoader 0:  75%|███████▌  | 95/126 [02:00<00:39,  0.79it/s][A

Validation DataLoader 0:  76%|███████▌  | 96/126 [02:01<00:38,  0.79it/s][A

Validation DataLoader 0:  77%|███████▋  | 97/126 [02:02<00:36,  0.79it/s][A

Validation DataLoader 0:  78%|███████▊  | 98/126 [02:04<00:35,  0.79it/s][A

Validation DataLoader 0:  79%|███████▊  | 99/126 [02:05<00:34,  0.79it/s][A

Validation DataLoader 0:  79%|███████▉  | 100/126 [02:06<00:32,  0.79it/s][A

Validation DataLoader 0:  80%|████████  | 101/126 [02:07<00:31,  0.79it/s][A

Validation DataLoader 0:  81%|████████  | 102/126 [02:09<00:30,  0.79it/s][A

Validation DataLoader 0:  82%|████████▏ | 103/126 [02:10<00:29,  0.79it/s][A

Validation DataLoader 0:  83%|████████▎ | 104/126 [02:11<00:27,  0.79it/s][A

Validation DataLoader 0:  83%|████████▎ | 105/126 [02:13<00:26,  0.79it/s][A

Validation DataLoader 0:  84%|████████▍ | 106/126 [02:14<00:25,  0.79it/s][A

Validation DataLoader 0:  85%|████████▍ | 107/126 [02:15<00:24,  0.79it/s][A

Validation DataLoader 0:  86%|████████▌ | 108/126 [02:16<00:22,  0.79it/s][A

Validation DataLoader 0:  87%|████████▋ | 109/126 [02:18<00:21,  0.79it/s][A

Validation DataLoader 0:  87%|████████▋ | 110/126 [02:19<00:20,  0.79it/s][A

Validation DataLoader 0:  88%|████████▊ | 111/126 [02:20<00:19,  0.79it/s][A

Validation DataLoader 0:  89%|████████▉ | 112/126 [02:21<00:17,  0.79it/s][A

Validation DataLoader 0:  90%|████████▉ | 113/126 [02:23<00:16,  0.79it/s][A

Validation DataLoader 0:  90%|█████████ | 114/126 [02:24<00:15,  0.79it/s][A

Validation DataLoader 0:  91%|█████████▏| 115/126 [02:25<00:13,  0.79it/s][A

Validation DataLoader 0:  92%|█████████▏| 116/126 [02:26<00:12,  0.79it/s][A

Validation DataLoader 0:  93%|█████████▎| 117/126 [02:28<00:11,  0.79it/s][A

Validation DataLoader 0:  94%|█████████▎| 118/126 [02:29<00:10,  0.79it/s][A

Validation DataLoader 0:  94%|█████████▍| 119/126 [02:30<00:08,  0.79it/s][A

Validation DataLoader 0:  95%|█████████▌| 120/126 [02:32<00:07,  0.79it/s][A

Validation DataLoader 0:  96%|█████████▌| 121/126 [02:33<00:06,  0.79it/s][A

Validation DataLoader 0:  97%|█████████▋| 122/126 [02:34<00:05,  0.79it/s][A

Validation DataLoader 0:  98%|█████████▊| 123/126 [02:35<00:03,  0.79it/s][A

Validation DataLoader 0:  98%|█████████▊| 124/126 [02:37<00:02,  0.79it/s][A

Validation DataLoader 0:  99%|█████████▉| 125/126 [02:38<00:01,  0.79it/s][A

Validation DataLoader 0: 100%|██████████| 126/126 [02:39<00:00,  0.79it/s][A

                                                                          [A
Epoch 4: 100%|██████████| 164/164 [08:14<00:00,  0.33it/s, v_num=0, train_loss=4.530, val_loss=3.540]
Epoch 4: 100%|██████████| 164/164 [08:14<00:00,  0.33it/s, v_num=0, train_loss=4.530, val_loss=3.540]
Epoch 4: 100%|██████████| 164/164 [08:21<00:00,  0.33it/s, v_num=0, train_loss=4.530, val_loss=3.540]
Seed set to 42

Loading checkpoint shards:   0%|          | 0/2 [00:00<?, ?it/s]
Loading checkpoint shards:  50%|█████     | 1/2 [00:00<00:00,  7.39it/s]
Loading checkpoint shards: 100%|██████████| 2/2 [00:00<00:00,  8.61it/s]
Loading checkpoint shards: 100%|██████████| 2/2 [00:00<00:00,  8.40it/s]
Using a slow image processor as `use_fast` is unset and a slow processor was saved with this model. `use_fast=True` will be the default behavior in v4.48, even if the model was saved with a slow processor. This will result in minor differences in outputs. You'll still be able to use a slow processor with `use_fast=False`.
The new embeddings will be initialized from a multivariate normal distribution that has old embeddings' mean and covariance. As described in this article: https://nlp.stanford.edu/~johnhew/vocab-expansion.html. To disable this, use `mean_resizing=False`
/home/xzh5180/Research/vla-av/sourcecode/AutoVLA/tools/run_sft_a3.py:82: FutureWarning: You are using `torch.load` with `weights_only=False` (the current default value), which uses the default pickle module implicitly. It is possible to construct malicious pickle data which will execute arbitrary code during unpickling (See https://github.com/pytorch/pytorch/blob/main/SECURITY.md#untrusted-models for more details). In a future release, the default value for `weights_only` will be flipped to `True`. This limits the functions that could be executed during unpickling. Arbitrary objects will no longer be allowed to be loaded via this mode unless they are explicitly allowlisted by the user via `torch.serialization.add_safe_globals`. We recommend you start setting `weights_only=True` for any use case where you don't have full control of the loaded file. Please open an issue on GitHub for any issues related to this experimental feature.
  full_checkpoint = torch.load(config['model']['sft_model_path'], map_location="cpu")
GPU available: True (cuda), used: True
TPU available: False, using: 0 TPU cores
IPU available: False, using: 0 IPUs
HPU available: False, using: 0 HPUs
Missing logger folder: runs/sft/2026-09-18_09-31-46/lightning_logs
/home/xzh5180/miniconda3/envs/autovla_codeclean/lib/python3.9/site-packages/pytorch_lightning/callbacks/model_checkpoint.py:653: Checkpoint directory /home/xzh5180/Research/vla-av/sourcecode/AutoVLA/runs/sft/2026-09-18_09-31-46 exists and is not empty.
LOCAL_RANK: 0 - CUDA_VISIBLE_DEVICES: [0]

  | Name    | Type    | Params
------------------------------------
0 | autovla | AutoVLA | 3.8 B 
------------------------------------
3.7 M     Trainable params
3.8 B     Non-trainable params
3.8 B     Total params
15,047.795Total estimated model params size (MB)
`use_cache=True` is incompatible with gradient checkpointing. Setting `use_cache=False`...
/home/xzh5180/miniconda3/envs/autovla_codeclean/lib/python3.9/site-packages/torch/utils/checkpoint.py:295: FutureWarning: `torch.cpu.amp.autocast(args...)` is deprecated. Please use `torch.amp.autocast('cpu', args...)` instead.
  with torch.enable_grad(), device_autocast_ctx, torch.cpu.amp.autocast(**ctx.cpu_autocast_kwargs):  # type: ignore[attr-defined]
`Trainer.fit` stopped: `max_epochs=5` reached.


